0.479400041699408, 0.0298343993723392, -0.011747988499701, 0.379340016841888, 0.0633141189813614, 0.141427159309387, 0.373597192764282
0.479399108573168, 0.0298383107343141, -0.01174441549927, 0.379344048299709, 0.0633202741426581, 0.141427206642488, 0.373593117970378
0.479398056477057, 0.0298359646328858, -0.0117357381909084, 0.379344646930695, 0.0633297479202767, 0.141424983389237, 0.373591510167643
0.479396561527953, 0.0298387128728278, -0.0117263746026809, 0.379349486186725, 0.0633428219687037, 0.141426693842191, 0.373585817132677
0.47939604707876, 0.0298372719956546, -0.0117094271047776, 0.379349692428813, 0.0633549876072827, 0.141431083879551, 0.373583616509157
0.479395930158491, 0.0298381084654512, -0.0117025274329451, 0.379350507359545, 0.0633625157490498, 0.141436017962063, 0.373581979555242
0.47939639350747, 0.0298344870925951, -0.0116852475079794, 0.379349959758149, 0.0633710086796465, 0.141442293289329, 0.373582052282927
0.479397149110541, 0.0298339456582771, -0.0116696645713904, 0.379351576917312, 0.0633811895636951, 0.141451942289577, 0.37358103092979
0.479398177776016, 0.0298319439214318, -0.0116608253979132, 0.379352523158578, 0.063387810031907, 0.141457921466908, 0.373581216455508
0.479398646342154, 0.0298409779632793, -0.0116657261807127, 0.379357734006994, 0.0633905584321303, 0.141464799161719, 0.373576962967881
0.479399087704531, 0.029838308253709, -0.0116667783028689, 0.379361046662852, 0.0633901039091478, 0.141468278149597, 0.373575428954693
0.479398857357623, 0.0298321079118412, -0.0116725288550643, 0.37936391682184, 0.0633854623251603, 0.141469919070476, 0.373573954506081
0.479394639144426, 0.0298283917751132, -0.0116866506287092, 0.379363104635928, 0.0633779304568507, 0.141465948489534, 0.373568541642999
0.479392055905167, 0.0298195124574068, -0.011686619562136, 0.379361769912624, 0.0633694034564395, 0.141467606420277, 0.37356586875034
0.479391910430263, 0.0298388157346669, -0.0117094755797263, 0.379371730019064, 0.0633633826760684, 0.14146809220314, 0.373558676102582
0.479392035222854, 0.0298498331811749, -0.0117289415349354, 0.379378776991067, 0.0633609098045765, 0.141466279590831, 0.37355489049639
0.479392826321244, 0.0298434919456975, -0.0117363027016781, 0.379382463343003, 0.0633578405209949, 0.141462241100664, 0.37355542657756
0.479393416745323, 0.0298694297245571, -0.0117679548316768, 0.379394228799002, 0.06335302565779, 0.141467026642391, 0.373549750873021
0.479393926908989, 0.0299058839102753, -0.0118041759122069, 0.379406726119899, 0.0633479977705898, 0.14147357217404, 0.373543784418026
0.479394304733817, 0.0299108777301652, -0.0118104446421088, 0.379411043179135, 0.0633496406949869, 0.141475502392825, 0.37354476998834
0.479394313537774, 0.0299293217163126, -0.0118247393557818, 0.379416933079728, 0.0633491870485434, 0.141478146424815, 0.373542782939783
0.479393786325175, 0.0299751603778671, -0.0118640950519372, 0.379430182681364, 0.063348298703923, 0.141481921041713, 0.373536098424126
0.479393116851816, 0.0300008582492836, -0.0118846250312919, 0.379437774449837, 0.0633473137046108, 0.141484407517089, 0.373532292662549
0.479391794208719, 0.0300392518849934, -0.0119138370263351, 0.379449452692721, 0.0633467410442208, 0.141489529158889, 0.373526712425617
0.479391089193461, 0.0300632316249759, -0.0119318444843741, 0.379456115590424, 0.0633454946459843, 0.141492700737064, 0.373523427057667
0.479390395777065, 0.0300894532634431, -0.0119511087018089, 0.37946286882673, 0.0633436375806313, 0.141495995361264, 0.373520177151977
0.479389486360951, 0.0301146889258833, -0.0119609473861691, 0.379466867647251, 0.0633485100850339, 0.141498337903944, 0.373518149852753
0.479388709097349, 0.0301570981891215, -0.0119900583795139, 0.379474891915041, 0.0633524504679591, 0.141497901517804, 0.37351402817654
0.479388377761139, 0.030208851046422, -0.0120271451913697, 0.379485076736002, 0.0633561153622234, 0.141495657177532, 0.373508706653819
0.479388470505467, 0.0302439720440312, -0.0120546724835113, 0.379492726466235, 0.063356876348247, 0.141492578933219, 0.373504603710495
0.479388506652928, 0.0302802023391764, -0.0120849281463365, 0.379500473046503, 0.063357683815876, 0.141488383898214, 0.373499910470818
0.479389066006958, 0.0303431291064295, -0.0121364688377107, 0.379512216103177, 0.0633641629760005, 0.141476662219072, 0.373492060689365
0.479390017998821, 0.030424198888931, -0.0122276223053326, 0.379534130837737, 0.0633560413322529, 0.141464962157882, 0.373482949773804
0.479391428308827, 0.0305185279475541, -0.0123224177615357, 0.379555966894166, 0.0633594697162886, 0.141450059894754, 0.373475063227806
0.479392046775138, 0.0305854564053672, -0.0123884071542748, 0.379571160929544, 0.0633603485992977, 0.141442721400942, 0.373470158576965
0.479392475187779, 0.0306390778106802, -0.0124378816388986, 0.379583615415237, 0.0633689869852629, 0.141432591045604, 0.373466534474317
0.479393143822666, 0.0307078546961816, -0.0124884095980528, 0.379594776109487, 0.0633881865228925, 0.141423048912978, 0.373463884481863
0.479393308675591, 0.0307715809720905, -0.012546742686047, 0.379608508779221, 0.0633914353116219, 0.141415585479816, 0.373460434925656
0.479393638707509, 0.0308433045659746, -0.012597596366115, 0.379620854694302, 0.0634022237272822, 0.141405487411162, 0.373456212953359
0.479393701779242, 0.0309144284745224, -0.0126485087298358, 0.379634026940129, 0.0634104943575979, 0.141394381122429, 0.373450260322635
0.479393902686464, 0.0310486582773072, -0.0127761488936904, 0.379664548405078, 0.0634001095254881, 0.141380110508254, 0.373440718049763
0.479394077647633, 0.0311837733267736, -0.0128970364211988, 0.379692350575904, 0.0633904733527608, 0.141368412089949, 0.373432050352337
0.479393897515887, 0.0312646895647049, -0.0129532603305929, 0.379705359795514, 0.0633949469468174, 0.141360441446304, 0.373426190123839
0.479393223524094, 0.0313667836910536, -0.0130303051795403, 0.379722626509787, 0.0633952975723924, 0.141351668504106, 0.373419417493484
0.479392807781698, 0.0315097112089646, -0.0131566579960788, 0.379748794251129, 0.0633862857608234, 0.141338790695206, 0.373411076088913
0.479392101601894, 0.0316295885113107, -0.0132618207633182, 0.379767963465522, 0.063382192995368, 0.141327033473664, 0.373404162971913
0.479390891034563, 0.0317851744479492, -0.0133930482543191, 0.379789122052553, 0.0633834278032558, 0.141309553685309, 0.373394774168479
0.479390132450258, 0.0319209845176264, -0.0135114772855735, 0.379808937761964, 0.0633773648438333, 0.14129689385911, 0.373387077936605
0.479389551016464, 0.0320673236000438, -0.013638961267415, 0.379830391126521, 0.06336913717895, 0.141284329851134, 0.37337894640049
0.479389100989875, 0.0322163188983412, -0.0137691761005451, 0.37985311536228, 0.0633598184234956, 0.141273509614608, 0.37337100239361
0.479388249288588, 0.0324196108249055, -0.0139386551736408, 0.379882321838571, 0.0633479330469581, 0.141256692980518, 0.373360810660514
0.479387443516937, 0.0325652030536107, -0.0140474554577044, 0.379901706831796, 0.0633385513510022, 0.14124371102878, 0.37335330929075
0.479386157859774, 0.0326776782329343, -0.0141278889279093, 0.379915378193895, 0.0633344532111111, 0.141226891289238, 0.373347140500526
0.479385209780781, 0.0327868863815019, -0.0142164035426343, 0.379931669415546, 0.063328937171888, 0.141213713974512, 0.373341084027491
0.479384222386764, 0.032898085653281, -0.0143071365317314, 0.379948117973424, 0.0633232894665053, 0.141200117624107, 0.373334941343099
0.479382632690318, 0.0330156744778657, -0.0143931843050826, 0.379963129007516, 0.0633247869355339, 0.141182438365552, 0.373327648840031
0.479381025479119, 0.0332346763505655, -0.0145667500333751, 0.379997479635127, 0.0633206861509997, 0.141163561975255, 0.373316680122824
0.479379601427487, 0.0334694270501618, -0.0147595960423037, 0.380037886375139, 0.0633122365314419, 0.141147757828737, 0.3733058062321
0.4793794479871, 0.0335877276518766, -0.0148624921660526, 0.380061354897603, 0.0633074247837066, 0.141141181332724, 0.373300697142337
0.479379395209941, 0.033703951347275, -0.0149676418705147, 0.380086353907064, 0.0633026062690911, 0.141132606398158, 0.373295726515666
0.479379320492764, 0.0338265661181522, -0.0150783188265412, 0.380112900453455, 0.0633036428389429, 0.141122494174653, 0.373289558366567
0.479379266364736, 0.0339477153335299, -0.0151964522294011, 0.380140666801389, 0.0632969942764074, 0.14111187301764, 0.373284972355145
0.479379171244738, 0.0340766883347215, -0.0153177614096834, 0.380169319104748, 0.0632928900808847, 0.141098721207691, 0.37327832927223
0.479379420550431, 0.0342392944938996, -0.0154668240084806, 0.380206433324253, 0.0632820608685999, 0.141082169588874, 0.373270719892838
0.479379624997868, 0.0344527552708858, -0.0156571863441407, 0.38025676793411, 0.0632699593676239, 0.141060961925683, 0.373262288570404
0.479379859443973, 0.034586195284579, -0.0157746739552489, 0.380287633222692, 0.0632609618561609, 0.141048354862117, 0.373257866025973
0.479379357711606, 0.0347291556075842, -0.0158908366895586, 0.380318942871414, 0.0632503867049177, 0.141039626878851, 0.373250206258117
0.479378869907195, 0.0349420244227938, -0.0160632340764987, 0.380364375675426, 0.0632342409336267, 0.141029975574558, 0.373242035272743
0.479378951285567, 0.0351596592153822, -0.0162431890437646, 0.380410504341125, 0.0632197877338955, 0.141019309248243, 0.373237815925053
0.479378438885973, 0.0353132372268108, -0.0163642844717417, 0.380441825630284, 0.0632086303704927, 0.141014281391096, 0.373234244995758
0.479376945986467, 0.035474517064936, -0.0164832925588331, 0.380472695827484, 0.0631933498031953, 0.141012920000974, 0.373227549300474
0.479371530062511, 0.0357461927868739, -0.0166876954112609, 0.380521182072263, 0.0631781932836821, 0.141003556011104, 0.373221042216325
0.479367897848122, 0.0360891939411644, -0.0169391479546658, 0.380583995851148, 0.0631549121201541, 0.140988059063919, 0.373213538402269
0.479366665992918, 0.0363148916418813, -0.0171021370140507, 0.380624199875263, 0.0631368363254209, 0.140978218246909, 0.373206500446095
0.479366022279283, 0.0365000063431363, -0.0172394550189438, 0.380658322863218, 0.0631242137045421, 0.140966553026888, 0.373203559582975
0.479365089525697, 0.0368488663384894, -0.0175096418786825, 0.380726259996911, 0.0631056876743541, 0.140940767075835, 0.373202321509353
0.479363974031781, 0.0372442452947633, -0.017820990383312, 0.380801981998091, 0.0630824121507276, 0.140912700019965, 0.373197678738282
0.479362993345542, 0.0376635732896187, -0.0181581586917095, 0.380883403245141, 0.0630654932120266, 0.140884196197285, 0.373194448667414
0.479363093123715, 0.0380830458733213, -0.0184953342844583, 0.380969930817099, 0.0630539001837499, 0.140857993374352, 0.373195048921249
0.47936305110695, 0.0383387980816746, -0.0186982886177026, 0.381021695978501, 0.0630479947709236, 0.140847163200378, 0.373193686008453
0.479364021405452, 0.0387663597319306, -0.0190311925313553, 0.381112683420422, 0.0630396618813026, 0.140834218463978, 0.373194217181005
0.479363909981833, 0.0390217477634173, -0.0192290429836687, 0.381161543621736, 0.063026520068906, 0.140837201270736, 0.373189654029718
0.479364534270864, 0.039271999001503, -0.0194130976432387, 0.381213840536711, 0.0630131434542793, 0.14084360362101, 0.373187508603104
0.479365219814937, 0.039615275489182, -0.0196726381666019, 0.381285405499595, 0.0629978365958238, 0.140846022848322, 0.373183783222647
0.479366885020453, 0.0401340777558439, -0.0200689768966507, 0.381402774698594, 0.0629791784286499, 0.140847829229691, 0.373181855398066
0.479367918670177, 0.0405637736831393, -0.0204002720969064, 0.381499832017081, 0.0629661692040308, 0.140849675451006, 0.373178906100137
0.479368477744715, 0.0408581646149899, -0.0206218569372006, 0.381561545243784, 0.0629591715886813, 0.140854605476395, 0.373174806342406
0.479368681540007, 0.0412890695248332, -0.0209447906906677, 0.381659997611487, 0.0629510633935447, 0.140863234475881, 0.373170570926506
0.479368817092993, 0.0418329021309605, -0.0213511186761453, 0.381802665486055, 0.0629432065997804, 0.140875434023993, 0.3731687498293
0.479368724907648, 0.0422266048017671, -0.0216451466280749, 0.381907327235246, 0.0629387869153704, 0.140886558594824, 0.373165722253944
0.479368771116775, 0.0427022790708462, -0.0220048747831533, 0.382043122343656, 0.0629346488654113, 0.140901638730233, 0.373161819902789
0.479369011012948, 0.0431149914334802, -0.0223214238969718, 0.382151266827303, 0.0629279538813759, 0.14091351481045, 0.373154461103327
0.479369456521102, 0.0434238651419888, -0.0225577342502397, 0.382240616093163, 0.0629234729895071, 0.140922321541971, 0.373150411874306
0.479370861753697, 0.0440022532979982, -0.0229981210355123, 0.382408044097804, 0.0629140945392498, 0.140938521403224, 0.373141875567556
0.479372021407139, 0.0444046789758346, -0.0232990840194793, 0.382516760465478, 0.0629139204085374, 0.140941880911338, 0.373133611659042
0.4793736622038, 0.045004599372379, -0.0237332759526784, 0.382707347088501, 0.0629102011438176, 0.14096211099825, 0.373128475461687
0.479374377280724, 0.0453629744503678, -0.0239857574614908, 0.382813608145513, 0.0629083046893113, 0.140974270626277, 0.373123608577151
0.479375282830549, 0.0457857508043281, -0.0242753247249903, 0.382920906022817, 0.0629071410113022, 0.140988663394912, 0.373114122583085
0.479375960595468, 0.0464233802171314, -0.0247088449053904, 0.38312112121021, 0.0629003038476495, 0.141018145785612, 0.373107348470127
0.479376380809716, 0.0468561588816282, -0.0249947339042771, 0.383228529541432, 0.0628969026263019, 0.141039156082298, 0.373097058244112
0.479376124283846, 0.0472337285886292, -0.0252496308780143, 0.383338376453945, 0.0628925627269665, 0.141059319261743, 0.373091195010337
0.479375780603466, 0.0476976113359467, -0.0255620984316748, 0.383478578178822, 0.0628871478002611, 0.141083757166101, 0.373084971403875
0.479375268203872, 0.0483120524031775, -0.0259774461601462, 0.383672431196485, 0.0628790559938975, 0.141117305244718, 0.373078014169421
0.479375205271885, 0.0487873295675807, -0.0262871552646912, 0.38379179916462, 0.0628749710872393, 0.141141567340418, 0.37306583749146
0.47937523573637, 0.0492705204031046, -0.0265980018891332, 0.383914010424574, 0.0628685941666114, 0.141166058688605, 0.373053535032673
0.479375304211589, 0.0499074823716107, -0.0270082568640218, 0.384094887621262, 0.0628574127660079, 0.141201325725107, 0.373040751849904
0.479375632566565, 0.0504859571371759, -0.0273883840792319, 0.384284032773571, 0.0628487676331978, 0.141233639747155, 0.373033955718289
0.479376118274798, 0.0510844945932636, -0.0277776108550675, 0.384484068866538, 0.0628381938293202, 0.141267670913905, 0.373027432826387
0.479375988637699, 0.0517268794349262, -0.0281798583510168, 0.384672084736223, 0.062819747068301, 0.141305351497746, 0.373015184182079
0.479375951558603, 0.0521519700168562, -0.0284481045876106, 0.384806232332182, 0.0628069771538261, 0.141328524471331, 0.373008908904901
0.479375288140875, 0.0529078405319142, -0.0289152517132148, 0.38503694504249, 0.0627762217982477, 0.141364843554857, 0.37299623729802
0.479374470723777, 0.0537802734520254, -0.0294487093191813, 0.385309949562329, 0.062737493189443, 0.141401001124823, 0.372983481403159
0.479373300822342, 0.0546712876242749, -0.029985142527696, 0.385586229913375, 0.0626911925217683, 0.141434298192754, 0.37297090249903
0.479372627296367, 0.0551752988530809, -0.0302912167713296, 0.385746827005338, 0.0626628666214582, 0.141453209774835, 0.372964977957621
0.479371538540396, 0.0559382169111436, -0.0307673400543443, 0.386010200155883, 0.062619728976939, 0.141482135959032, 0.372959595207407
0.479369503149465, 0.0568538348714845, -0.0313255689897331, 0.386295197090181, 0.0625527584753118, 0.141519884001307, 0.372945853441703
0.479368127077066, 0.0576545958609141, -0.0318223556829224, 0.386577473989054, 0.0624975741961423, 0.141542251400587, 0.372939477507808
0.479365050303837, 0.0584111067277043, -0.0322220093879004, 0.386739639174037, 0.062431028029498, 0.141557197931434, 0.372919735908508
0.47936238265839, 0.0593285079237795, -0.0327555566055685, 0.387015069352479, 0.0623605632481456, 0.141572546407956, 0.372908338298317
0.479359997391702, 0.0599553984403611, -0.033093334659934, 0.387168340682984, 0.0623022520542144, 0.141580342054367, 0.37289567232132
0.479357449181942, 0.060671991936299, -0.0334854560458108, 0.387359362790564, 0.062234383445828, 0.141592072188353, 0.372883851387922
0.47935469563969, 0.0615599068273016, -0.0339813122666683, 0.387623715080133, 0.0621498877962096, 0.141610519495331, 0.372873218299962
0.479353136081656, 0.0620560449587198, -0.0342615353848252, 0.387780084630021, 0.0621020624617569, 0.141620802658946, 0.37286849921491
0.479351372122766, 0.0626867280938044, -0.0346261535378314, 0.38799815462417, 0.0620422048929358, 0.141634859848423, 0.372864631965381
0.479347592150965, 0.0635199619191034, -0.0350789803955234, 0.388249902665114, 0.0619461368863323, 0.141653932523327, 0.372853425711143
0.479345467183269, 0.0640136846098578, -0.0353487884391005, 0.388411890258308, 0.0618891217127568, 0.141665753346531, 0.372848295564411
0.479340928021598, 0.0646559531373135, -0.0356651750864351, 0.388579954259536, 0.0617987243918811, 0.141681992236306, 0.372835180198445
0.479336000274709, 0.0657197419635388, -0.0362143510999549, 0.388937451639095, 0.0616779958250141, 0.141712266617462, 0.372824208756455
0.479333624417541, 0.0664802072679295, -0.0366154290403889, 0.389220857239571, 0.0616000839141237, 0.141735213253678, 0.372819960818571
0.479328440517438, 0.0673876723246414, -0.0370480028683899, 0.389507127809926, 0.0614923209302566, 0.141756459374388, 0.372806856832585
0.479322718504599, 0.0684183775251653, -0.0375485051798971, 0.389850089730336, 0.06136592824419, 0.141781233489013, 0.372793122399755
0.479316987408309, 0.0694526430814206, -0.0380522457754411, 0.390197414450285, 0.0612305519110015, 0.141805242169805, 0.372778949957936
0.479314191150566, 0.0703181322757937, -0.0385056620567035, 0.390542977617569, 0.061128096665655, 0.14183001607406, 0.37277317035098
0.479311514328508, 0.0708748745217043, -0.0387816765772946, 0.390740061787998, 0.061051751480383, 0.141845070193796, 0.372766410743489
0.479308828329841, 0.0713923341686987, -0.0390338254982935, 0.390917990187637, 0.0609775252201977, 0.141860840901607, 0.372759499850393
0.479306305646897, 0.0719112512694686, -0.039283152068613, 0.391096207374283, 0.0609036231491746, 0.141877066988905, 0.372753166350998
0.479304012332645, 0.0724302073887417, -0.039530853469457, 0.391274711745126, 0.0608284544944762, 0.141892097677503, 0.372747134481158
0.479301834727536, 0.0729491584240889, -0.0397759351779182, 0.391453512075568, 0.0607513503767863, 0.141907585308331, 0.3727413414306
0.479299777629495, 0.0735333649501079, -0.0400553055921523, 0.391664653104894, 0.0606653541777315, 0.141925281596785, 0.372736177865197
0.47929636807602, 0.0745841185285264, -0.0405393421512192, 0.392025269059575, 0.0605039826110632, 0.141955392250494, 0.372727160994746
0.479294852351441, 0.0754666798255022, -0.0409641994053827, 0.392382938020369, 0.0603837597019533, 0.141984918888877, 0.372725346509148
0.479293327031016, 0.0762411176557301, -0.0413268822775919, 0.392685204353653, 0.0602749303108504, 0.142008329609863, 0.372722956433016
0.47929200858028, 0.0769173392728597, -0.0416369085552312, 0.392938291806134, 0.060177662572941, 0.142027369356957, 0.372720220690014
0.479290010035539, 0.0778557413766364, -0.0420223832387133, 0.393230010842076, 0.0600253221367588, 0.14204572840899, 0.372713169149992
0.479289787793861, 0.0785690515331862, -0.0423355762372498, 0.393497118709469, 0.0599173122894864, 0.142066744836438, 0.372711212214301
0.479289746755313, 0.0794860050457867, -0.0426870191422832, 0.393771037935209, 0.0597559128238373, 0.142083113634286, 0.372705580507006
0.479290143073107, 0.0802466324447585, -0.0430032331859616, 0.394059691168681, 0.0596393801334525, 0.142100838512934, 0.372704830670557
0.479291568801683, 0.0811452561616897, -0.0433338287472725, 0.394322927559123, 0.0594769280097064, 0.142107599062078, 0.372702114161323
0.479292529411176, 0.0819465084586825, -0.0436652299793077, 0.394632625579834, 0.0593570534571879, 0.142120072911767, 0.372703172960201
0.479293551089383, 0.0828232099428899, -0.0439781801559093, 0.394883174335256, 0.0591988606062257, 0.14212045560364, 0.372701052337134
0.479294036704451, 0.0836749176518256, -0.0443324611749218, 0.395217869462086, 0.0590783249680736, 0.142134677913009, 0.372702595165798
0.479294140209171, 0.0843170499451019, -0.0445834152788675, 0.395445232311217, 0.0589795756590466, 0.142143327248197, 0.372702807478544
0.479294603138913, 0.0857548910930376, -0.0451508698969328, 0.395979480763443, 0.0587664224620626, 0.14216777318666, 0.372704062521958
0.479294676738125, 0.0866151292834962, -0.0454307130937066, 0.396217022282737, 0.0586066299676896, 0.142178208998271, 0.372700793402536
0.479304303888013, 0.0877728952029171, -0.0458334040685612, 0.396609416007996, 0.0584138179877227, 0.142202017657897, 0.372707749815548
0.479304092779379, 0.0886138729688501, -0.0460770110372735, 0.39683157926848, 0.0582449657826865, 0.142221331646463, 0.372705103669848
0.479304844981983, 0.0895301858367038, -0.0464031379820169, 0.397191656036538, 0.0581080807006659, 0.142251759416917, 0.372708080135474
0.479303482371718, 0.0904186945803024, -0.0466456485746287, 0.397434243394547, 0.0579298823370652, 0.142282743584208, 0.372704015218911
0.479302640685515, 0.0913896680479289, -0.0469767488495391, 0.39781991020972, 0.0577902560173964, 0.142317547126978, 0.372705942562648
0.479301095334923, 0.0922626743997847, -0.047269437263618, 0.398156381915597, 0.0576546923703507, 0.142352423297257, 0.372705893356259
0.479297750204049, 0.093107770445968, -0.0474789133999779, 0.398369781409992, 0.0574766064391416, 0.142382739571964, 0.372697646177116
0.479295538081841, 0.0937172149209417, -0.0476558578452643, 0.398569817963768, 0.0573647971013013, 0.14240880300017, 0.372694476211772
0.479292968584208, 0.0943279370991123, -0.0478312856772868, 0.398769850791001, 0.0572520364282512, 0.142436045257985, 0.372690884485966
0.479290135154204, 0.0951142184523974, -0.0480780475016903, 0.399058488296861, 0.0571197741422333, 0.142469480177935, 0.372688423745772
0.479284278985834, 0.096358268546457, -0.0484379929197686, 0.399462979481, 0.056897381253603, 0.142517172528916, 0.372680375876547
0.479281664583362, 0.0973580712280354, -0.0487646275959095, 0.399852207929146, 0.0567463548994866, 0.142553471717514, 0.372678404796023
0.479276799954787, 0.098399176507437, -0.0490415340211211, 0.400143757607756, 0.0565529977373716, 0.142588514560411, 0.372668320671851
0.479274745698236, 0.0990402802449315, -0.0492246162465641, 0.400347058712935, 0.0564452636191825, 0.142610616163045, 0.372664405297832
0.479271110688939, 0.100222453194506, -0.0495477709875387, 0.40069936205359, 0.0562420255646985, 0.142648110039094, 0.37265613303465
0.479267681710861, 0.101514135679277, -0.049904058499246, 0.40110200258864, 0.0560285588122215, 0.142688879295558, 0.372649449220225
0.479265962796552, 0.102231659633773, -0.0501043437847069, 0.401336394037519, 0.0559144931180137, 0.142710748740605, 0.372646529333932
0.479263040954324, 0.103484035334667, -0.0504297784384058, 0.401711178026279, 0.0557024825070086, 0.142748749416415, 0.372639815346533
0.479260007595314, 0.104790100254932, -0.0507603632051404, 0.402104549287748, 0.0554780919161163, 0.142791834047863, 0.37263482658803
0.479255736698124, 0.105750073685366, -0.0509666829499877, 0.402326031632784, 0.0552859209665731, 0.142817444711172, 0.372625865174943
0.479254198334798, 0.106403165895398, -0.0511290638987757, 0.402520825782744, 0.0551663623086545, 0.142838691042251, 0.372624104403648
0.479252482494887, 0.10705582902712, -0.0512903186766541, 0.402715105870191, 0.0550442518556819, 0.142859247151543, 0.372622587400324
0.479247591268115, 0.108067485274387, -0.0515196938186634, 0.402959396718931, 0.0548316416970823, 0.142882290317231, 0.372615361253754
0.479245022096554, 0.109000849718807, -0.0518123734235262, 0.403291507468504, 0.0546721197026117, 0.142911727799087, 0.372615059223496
0.479240247790051, 0.110060150087381, -0.0520512580358181, 0.403553568255, 0.0544524999977158, 0.142929600948045, 0.372607581074498
0.479234024929901, 0.111386638814662, -0.0523764491206458, 0.403939971062316, 0.054200170465878, 0.142959870751165, 0.372603657906797
0.479227605494631, 0.11271147044266, -0.0526934091533933, 0.404321229758383, 0.0539415619954342, 0.142991193452803, 0.372600258097929
0.479223579338118, 0.113575187305442, -0.0529142565073586, 0.404605754503683, 0.0537836276282783, 0.143019429074616, 0.372601704637543
0.479216097698493, 0.114552798902287, -0.0531076111775987, 0.404821498394012, 0.0535640676933175, 0.143034108526566, 0.372592723930583
0.479208040913614, 0.115534580374966, -0.0532955510951892, 0.405038053688883, 0.0533435076825759, 0.143050217568373, 0.372582532077276
0.479202961123791, 0.116198545834598, -0.0534400683691522, 0.405222838465907, 0.0532086649812571, 0.143068433849752, 0.372579775597869
0.479197642462595, 0.116863693509783, -0.0535823787147759, 0.405405971583199, 0.0530751222321968, 0.143085978461915, 0.372576929641371
0.479190930307412, 0.117747549279397, -0.0537965442966514, 0.405683915855504, 0.0529099284951426, 0.143111673643609, 0.372577093148432
0.479183266486439, 0.118742705157825, -0.0540451552399568, 0.40600640978132, 0.0527275202955518, 0.14314267039299, 0.372578686986651
0.479170594797917, 0.12007138905405, -0.0543289836640118, 0.406357416265151, 0.0524588300250158, 0.143181736278935, 0.372571885145011
0.479158528952036, 0.121137905997388, -0.0545244174932732, 0.406594351039213, 0.0522320993858225, 0.143217108740526, 0.372560339114245
0.479148572515539, 0.1220741604807, -0.0547436891108, 0.406880526482558, 0.0520529157724701, 0.143264166297031, 0.372559704700438
0.479137584944734, 0.123053019908296, -0.0549675510097451, 0.407180393663776, 0.0518622627528776, 0.143321895719576, 0.372559456484658
0.479129645965177, 0.123735602357808, -0.0550904502087281, 0.407353297241596, 0.0517272476939594, 0.143354184176742, 0.372554775586649
0.479114404313204, 0.125053609784912, -0.0553266496881216, 0.407679917291433, 0.0514499925314879, 0.143426850543303, 0.372545127508019
0.479102630022693, 0.126030134473528, -0.0555325593968399, 0.407965722845381, 0.0512509269874637, 0.143493440341549, 0.372545406097124
0.479091166525828, 0.126955747153579, -0.0557285166275101, 0.408230949650292, 0.0510592935966845, 0.143555992090401, 0.372545512884605
0.479081763667219, 0.127676176849534, -0.055868130887256, 0.408416320716634, 0.0508992070660871, 0.143597314217511, 0.372542518447427
0.479068877981991, 0.128561236016891, -0.0560618349383859, 0.40866524746438, 0.050701033713437, 0.143652346985681, 0.37254255086434
0.479055359623013, 0.129568974756393, -0.0562189756371394, 0.40886748914959, 0.0504584024007581, 0.143690938829374, 0.372529119884267
0.479043144808598, 0.130330141392075, -0.0563832284397438, 0.409067563109038, 0.0502798976392306, 0.143726303326983, 0.372527104245514
0.479023406570699, 0.131639372050261, -0.0566433464904793, 0.409386758644041, 0.0499677123517548, 0.143776896270383, 0.372519722505778
0.479010456928686, 0.132455218138815, -0.0568239642053591, 0.409606228475812, 0.0497716719538224, 0.143811800690258, 0.372520039782805
0.478994358824082, 0.133606576839415, -0.0570306345595031, 0.409864649452081, 0.0494865856501235, 0.143849835856622, 0.37251173912978
0.478981856693241, 0.134389432177824, -0.0571946261910831, 0.410068221232471, 0.0492929834478042, 0.143885503516478, 0.372512931543238
0.478966579173293, 0.135743619544165, -0.0574222085305622, 0.410327503340585, 0.0489512141261782, 0.143910110848291, 0.372490730285645
0.478957155166554, 0.136384248933872, -0.0575679086336569, 0.410484149776587, 0.0487932683790432, 0.1439349645827, 0.372487549220814
0.478944478726688, 0.137402041910075, -0.0577146242846962, 0.410692574997911, 0.0485413938485272, 0.143961344095839, 0.372475107677844
0.478927970702408, 0.13826734557873, -0.0578836545360689, 0.410915448805866, 0.0483268944230399, 0.144008055865264, 0.372478250014682
0.478912181714502, 0.139351400898284, -0.0580349212409068, 0.411140754743785, 0.0480598789428462, 0.144040200339646, 0.372467711833345
0.478900659664339, 0.140002774981891, -0.058138925098822, 0.411289064182954, 0.0478939364287032, 0.144066563343801, 0.372465251594031
0.478879977306898, 0.140906642815646, -0.0582996744881658, 0.411516941294951, 0.0476525575799101, 0.14411553775563, 0.372469026902143
0.478856599634433, 0.14181878940398, -0.0584800210820527, 0.41174820964076, 0.0473949118872651, 0.144166996679386, 0.37247232855869
0.478838744418459, 0.142834574555149, -0.0586176630341206, 0.411953835026557, 0.0471242988910996, 0.144185891381833, 0.372457295806468
0.478813574931201, 0.143722081084211, -0.0588039564247392, 0.412177170545112, 0.0468561289365551, 0.1442300553983, 0.372458797222426
0.478785005346567, 0.144940292644901, -0.0590016756313187, 0.412444650846368, 0.0465090123695487, 0.144259522021318, 0.372447197036583
0.478762997644287, 0.145988309483568, -0.0591399577673243, 0.412657917046747, 0.0462231736974555, 0.144271118851269, 0.372431605102635
0.47873106015029, 0.147247008225497, -0.0593412773786973, 0.412930898966909, 0.0458697960006089, 0.144301259367406, 0.372421028874501
0.478698958502096, 0.148508425249773, -0.0595364258394521, 0.413196666661431, 0.0455220598333023, 0.144324933500851, 0.372411594110377
0.478667009875053, 0.149471340670305, -0.05973294936684, 0.41341674051365, 0.0452304376899696, 0.144355637335978, 0.372414284553848
0.478627162002715, 0.150591619435479, -0.0599766984068546, 0.413673786956723, 0.0448751266112849, 0.144386775022795, 0.372419621082915
0.478587748365741, 0.151970553899012, -0.0602106697106061, 0.41396293900594, 0.0444656886974303, 0.144390936859516, 0.372412448370156
0.47855435435261, 0.153206066574369, -0.0603960358032158, 0.41421388557979, 0.0441029962045807, 0.144384506089347, 0.372402193886893
0.47852721720433, 0.154306441775891, -0.0605362674356008, 0.414428190724188, 0.0437890105212437, 0.144369400970074, 0.372388913391017
0.478501455057067, 0.155063392675223, -0.0606587389649965, 0.414584767978732, 0.0435549401660927, 0.144373642095999, 0.372382481358632
0.478478157225778, 0.155784550764982, -0.0607597855960622, 0.414732278094573, 0.0433466799294247, 0.144366431096021, 0.372373952444862
0.478459131409641, 0.156404242495529, -0.0608431423411651, 0.41485598688366, 0.0431683570772661, 0.144359310284382, 0.372363710203091
0.478416292381388, 0.157373283660712, -0.0610264540833085, 0.415064295380056, 0.0428524261938424, 0.144367018817854, 0.372349756405133
0.47837685428898, 0.158277674272281, -0.0611886128695572, 0.415256550352113, 0.0425592193433215, 0.144368575841439, 0.372334217504293
0.478353759321346, 0.15893263931034, -0.0612791570294804, 0.415387002640411, 0.042364522040892, 0.144356492928096, 0.372320279313737
0.478332527065979, 0.159548750955518, -0.0613559027066251, 0.415508311255639, 0.0421848981245226, 0.144342048689097, 0.37230586408567
0.4783062812135, 0.160544927881545, -0.0614394108287426, 0.415695949061578, 0.0419151013638792, 0.144307744803549, 0.372279051572335
0.478265811986783, 0.161389738251181, -0.0615687656314935, 0.415875663476832, 0.0416494952755815, 0.144298824702992, 0.372255835533142
0.478241542785607, 0.162005934544972, -0.061633272679413, 0.416000088884049, 0.0414697763098389, 0.144287221662137, 0.372236360401667
0.478208858678822, 0.163029702130486, -0.0617077450416669, 0.416199033240311, 0.0411868930789602, 0.144259026952151, 0.372200576898431
0.478162658775053, 0.164207361525848, -0.0618104042576141, 0.416440016201564, 0.0408434459792465, 0.144237203958656, 0.372157766718824
0.478137365659747, 0.164813870442014, -0.0618604939775307, 0.416567218604208, 0.0406621839945056, 0.144228455399265, 0.372135454867067
0.47810619969979, 0.165465287721458, -0.0619493164673072, 0.416714209288108, 0.0404569488964161, 0.144225164301255, 0.372110538021857
0.478061329286639, 0.166552798417436, -0.0620928567247231, 0.416957003829859, 0.0401308282558657, 0.144204538509625, 0.372067308806572
0.478035347878933, 0.167145888805389, -0.0621344619989395, 0.417086329460144, 0.0399521914124488, 0.144196895360947, 0.372043721675873
0.478003418583328, 0.168110556211792, -0.0621573435120722, 0.41728089841474, 0.0396819756561968, 0.144167092197082, 0.372005409493166
0.477967242706224, 0.168806521281475, -0.0622040138587731, 0.4174350607295, 0.039451205091817, 0.144166641225334, 0.371976285421548
0.477931036550959, 0.169497028218598, -0.0622467543547895, 0.417587154632857, 0.0392169128671414, 0.144164484458811, 0.371946301019492
0.477899413949801, 0.170457185667102, -0.0622530943781388, 0.41778049565163, 0.0389357875450319, 0.144122751260004, 0.371904396389713
0.477859892429423, 0.171163823003528, -0.0623096254405354, 0.417941699869493, 0.038667607660554, 0.144100659875309, 0.371870203879701
0.477808841638705, 0.172313820724728, -0.0623777148590869, 0.41819726581333, 0.0382574590139028, 0.144033242183573, 0.371815919675747
0.477777756172069, 0.172941370571361, -0.0624304693849647, 0.418341964132646, 0.0380212758393849, 0.143991843391867, 0.371785522208494
0.477752859700627, 0.173517974605079, -0.0624688075119708, 0.418472289998993, 0.0378167231919385, 0.143949273934885, 0.371758177560918
0.477707444094311, 0.17464714573211, -0.0625373513821293, 0.418723234709572, 0.0374389682472253, 0.143856493134459, 0.371704068143829
0.477681340875246, 0.175260180144751, -0.0625851201134569, 0.418861432015396, 0.0372349943082874, 0.143804778111081, 0.371673876277539
0.477635271307301, 0.176426523713505, -0.0626611861624137, 0.419119042709094, 0.0368701367593613, 0.143701682050689, 0.371617034463321
0.477610888120508, 0.177022616552705, -0.0627006407921054, 0.419248289921704, 0.0366854418225649, 0.143646322679119, 0.371587347483435
0.477587659602907, 0.177613505826277, -0.0627378049192307, 0.419375834104394, 0.036503757288476, 0.143590128101221, 0.371558342500895
0.477564658683888, 0.17820235673119, -0.0627750439678922, 0.419503348154181, 0.0363218428457484, 0.14353299091844, 0.371529993870679
0.477541573218939, 0.178789481695961, -0.0628124290278979, 0.419631361740978, 0.0361386959993539, 0.14347343794438, 0.371502387824179
0.477513787279611, 0.179419665256468, -0.0628606339475187, 0.41976976478801, 0.0359362974813004, 0.143404494724354, 0.371472604394961
0.477466261472019, 0.180578967503139, -0.0629272170364857, 0.420022467204504, 0.035571098114763, 0.143277437346322, 0.371419433185032
0.477420854110679, 0.181355822316739, -0.0630161434674964, 0.420193754664991, 0.035305664374047, 0.143177655414373, 0.371382300733518
0.477382566122449, 0.182056209309762, -0.0630793651650432, 0.420342291363148, 0.0350744329655872, 0.143084755534885, 0.371349078446877
0.47734827312752, 0.182719541898295, -0.0631246164040406, 0.420476903534737, 0.0348673713507772, 0.142992889670765, 0.371317304042207
0.477301379294955, 0.183504327044768, -0.0631991941963925, 0.420632297571968, 0.0346236138834673, 0.142872693328296, 0.371278569978826
0.477254068648616, 0.184289096633927, -0.0632683668880402, 0.42078446610635, 0.0343859123958259, 0.142751494525861, 0.371239178320941
0.477206803233183, 0.185069102098962, -0.0633347415648589, 0.420934440909314, 0.0341506238569733, 0.14263139211831, 0.371200555332568
0.477159878470318, 0.185845639845904, -0.0634004860790838, 0.421078701980975, 0.033920213362249, 0.14250810714329, 0.371162741084059
0.477123602488963, 0.186857987812587, -0.0633807276101673, 0.421273129346992, 0.0336384089428837, 0.142377349218401, 0.37111480292152
0.477084322588283, 0.187573813861158, -0.0634182090881993, 0.421398362652595, 0.0334356634631878, 0.142263942335834, 0.371079576556422
0.477055280664388, 0.188193293379134, -0.0634257107785269, 0.421508238495899, 0.0332657077858428, 0.142174684700846, 0.371049224128242
0.47703111706411, 0.188767633718603, -0.0634174010508201, 0.421611972416148, 0.0331121894015985, 0.142097348605885, 0.371021194037269
0.477003911254286, 0.189744366166972, -0.0633375150290857, 0.421803856777543, 0.032865928696985, 0.141982334802131, 0.37097638823405
0.476961170140936, 0.190417039454484, -0.0635092523631428, 0.421948815333743, 0.0327017946929491, 0.141872188524038, 0.370938348750106
0.476913097230326, 0.191534300140974, -0.0635005966943352, 0.422165410538681, 0.0324132649387632, 0.141725468725718, 0.370886943039774
0.476888478758958, 0.192093786972911, -0.063491915203944, 0.422270697405359, 0.0322660006645347, 0.141651709290112, 0.370862608597058
0.476863362654417, 0.192653814664408, -0.0634838616672684, 0.422373683532747, 0.0321169155159918, 0.141573337216337, 0.37083957601996
0.476837853772298, 0.193210761547089, -0.0634747766809804, 0.422473087991987, 0.0319670982020242, 0.14149065715926, 0.370817321028028
0.47680272286429, 0.194181266181609, -0.0634203756293829, 0.422650931021746, 0.0317090925048379, 0.141353774000617, 0.37077945765327
0.476749879606632, 0.195296649091384, -0.0634023323680173, 0.422834651169657, 0.031411116170783, 0.141155879607722, 0.370737504538368
0.476701638768702, 0.196044425052755, -0.0634346742151665, 0.422937683598334, 0.0312205708202194, 0.140987319705867, 0.370712109673925
0.476654017235552, 0.197110053210699, -0.0633982564508915, 0.4231121588154, 0.0309572758344041, 0.140787224889803, 0.370674601863412
0.47662593019159, 0.197681422143423, -0.0633910908456109, 0.423201856312632, 0.0308225093093239, 0.140672768144047, 0.370656032722537
0.476597638700189, 0.198253534150725, -0.0633847645075381, 0.423290997112499, 0.0306917907460397, 0.140557276721762, 0.370638337616159
0.476569520399851, 0.198825291725768, -0.0633782835955881, 0.423379668568363, 0.030562739186928, 0.140441702003239, 0.370621956977524
0.476541551859939, 0.199396863404442, -0.0633711963015445, 0.423468403255238, 0.0304354088271365, 0.140324549815234, 0.370606650324429
0.476494462197567, 0.200465390652168, -0.0633351101820209, 0.423642577463838, 0.0301986054237149, 0.140117163698212, 0.370578807742656
0.476459883283667, 0.201098432360577, -0.0633446812191431, 0.423738368479143, 0.0300626733172841, 0.139977331401921, 0.370567328569268
0.47642729536826, 0.202038085400557, -0.0632777733562373, 0.4239112829561, 0.0298488643865625, 0.139809556878915, 0.370541544942295
0.476395179093384, 0.202966580761581, -0.0632058581810037, 0.424083762830046, 0.0296373809110217, 0.139643943710487, 0.370516572259054
0.476363224690201, 0.203889856168202, -0.0631220463193765, 0.424256390984319, 0.0294285587152513, 0.139482396790961, 0.370491540231625
0.476336293666303, 0.204451217451015, -0.0630962584336766, 0.42435149014497, 0.0293128318145496, 0.139377157437701, 0.370480763170899
0.476335444387268, 0.205384069681168, -0.0629769272225745, 0.424550747590907, 0.0291164484269479, 0.139235579266268, 0.370481504832997
0.476304946410055, 0.206296862083323, -0.0628510815368481, 0.424724652667006, 0.028907907174415, 0.139092607848784, 0.370458000627886
0.476276307744641, 0.20684836762292, -0.0628051232014384, 0.424819378171649, 0.0287902990409306, 0.138996001992907, 0.370447406428201
0.476244558301293, 0.207416827137731, -0.0627627749371679, 0.424915861682732, 0.0286685795092783, 0.138891458461265, 0.370436977939445
0.476188189874176, 0.208468320650213, -0.0626581828058266, 0.425100136444348, 0.0284262132995269, 0.138705496287145, 0.370414484448793
0.476158393884406, 0.209012124498351, -0.0626078010995348, 0.425191636125579, 0.028310841351998, 0.138608378242044, 0.370403034005846
0.47612238383844, 0.209911687654608, -0.0624620084157762, 0.425360818750718, 0.0281093328314669, 0.138465850954296, 0.370376945443514
0.476085054969088, 0.210805099361083, -0.0623117848178919, 0.425531814519096, 0.0279064124296693, 0.138327935934067, 0.37035077529795
0.476043596578246, 0.211402945758916, -0.0622615424618751, 0.425629508595507, 0.0277825087246274, 0.138223612508854, 0.370341017666985
0.475989404312202, 0.212395434499789, -0.0621166889494708, 0.425810564666234, 0.0275711256879217, 0.138071724156372, 0.370316238763953
0.475951195419836, 0.21327971799033, -0.0619442000208783, 0.42598212658858, 0.0273817470406785, 0.137950550878749, 0.370287210941315
0.475915973397865, 0.214193742635871, -0.0617339977046021, 0.426164942508985, 0.0271988747851188, 0.137823703309067, 0.370258017748344
0.475886884892189, 0.21472552816407, -0.061650533269809, 0.426261629216811, 0.0270941123541664, 0.137744464343335, 0.370247771219045
0.475851866432599, 0.21559637684782, -0.0614560157874553, 0.42643426266037, 0.0269085445699572, 0.137624864868757, 0.370221589392975
0.475823094217217, 0.216123963524313, -0.0613685766169254, 0.426527282209957, 0.0268058130846304, 0.137546064012191, 0.370212320580202
0.475777686762709, 0.216776816444237, -0.0612913978337741, 0.426625432046522, 0.0266861128306188, 0.137440796709862, 0.370209808790383
0.475738032950073, 0.21769556424197, -0.0610869146388869, 0.426788995887051, 0.0265030211936526, 0.137304341983394, 0.370189071683323
0.475705999171532, 0.218505834791841, -0.0609775020977279, 0.42695262255789, 0.0263513349873178, 0.137178076265239, 0.370168274410633
0.475678473903853, 0.219004931269574, -0.0609041940170426, 0.427033951903592, 0.0262674945680534, 0.137090476220395, 0.370162586404496
0.47565134635142, 0.219515532425472, -0.0607987419409411, 0.427110139301846, 0.0261739058579717, 0.13700004696846, 0.370158224105835
0.475624685362107, 0.220026134903691, -0.0606839225040514, 0.427183413305202, 0.0260722560629624, 0.136910437355523, 0.370155417518455
0.475575483914683, 0.221031481378219, -0.0604360670114264, 0.427326574606054, 0.0258508968177964, 0.136737804132349, 0.370154934350182
0.475585661474897, 0.221875706901069, -0.0601671390548473, 0.427499732330066, 0.0256353082952379, 0.136598611649345, 0.370182021064919
0.475538829409775, 0.222519433097679, -0.0600380158850125, 0.427567425295084, 0.0254850886824752, 0.136478605440685, 0.37019406657259
0.475507313341154, 0.223339880534581, -0.0597588248876464, 0.427710143257589, 0.0252792643448886, 0.136341675259486, 0.370185238493591
0.475475756839545, 0.224157886184564, -0.059473314604589, 0.427853199894689, 0.0250765473977858, 0.136207875133563, 0.370176192912735
0.475436922633347, 0.225029229877376, -0.0591882503683827, 0.427996177432917, 0.024869804538849, 0.13606005652612, 0.370169309347618
0.475383580671137, 0.225699760813673, -0.0590528819907238, 0.428063047272818, 0.0247121497763305, 0.135927751995936, 0.370181306310061
0.475325831420282, 0.226701370407553, -0.0587582783773542, 0.428198190296398, 0.0244942736099748, 0.135749633171979, 0.370181275115294
0.475271572449127, 0.227383321313297, -0.0586053875869751, 0.428263101056844, 0.0243483958499772, 0.135630741640299, 0.37019272656
0.475231247113532, 0.227979394928748, -0.0584469663633519, 0.428331250463213, 0.024222232224811, 0.135534428858957, 0.3702005032331
0.475204448847711, 0.228485319975044, -0.0582875583993913, 0.428401707360725, 0.0241169815729646, 0.13545378421535, 0.370203144349972
0.475162751864986, 0.229421762338206, -0.0579657255961489, 0.428542969607504, 0.023923830279783, 0.135300541444987, 0.370204927540627
0.475116026378982, 0.23010456932693, -0.0577925949733109, 0.428615170166272, 0.023772015134577, 0.135202576783525, 0.370223287774735
0.475085385861517, 0.230663409313234, -0.0576218286699013, 0.428684716344881, 0.0236517013772195, 0.135120100594368, 0.370232333035028
0.475061925972209, 0.231166138368494, -0.057447184292216, 0.428751664442174, 0.0235466567821362, 0.135045733802459, 0.370237057209015
0.475037157041685, 0.231987756320408, -0.0570989717237118, 0.428887145178659, 0.0233823696204594, 0.134910147019795, 0.370234529290881
0.474995793258443, 0.232956190610132, -0.0567141900297661, 0.429020265611279, 0.0231749339414244, 0.134769715220988, 0.370247049992826
0.474971150517965, 0.23347142794553, -0.0565089066004177, 0.429085629727659, 0.0230590202665629, 0.134700943542128, 0.37025747259124
0.474948809150388, 0.233960041979782, -0.056304034489293, 0.429149882252477, 0.022944003153248, 0.134632736153963, 0.370267386135935
0.47492409555902, 0.234740138414527, -0.0559184877757578, 0.429279795013557, 0.0227575557672677, 0.134501602890111, 0.370274309751366
0.47489947895092, 0.235228696149938, -0.0557028974010413, 0.429337168380994, 0.022628117585633, 0.134431996355538, 0.370287365913391
0.474858231435803, 0.235847161096685, -0.0554540753364563, 0.429383820084964, 0.0224440908344353, 0.134361615531585, 0.370313530809739
0.474822147511133, 0.236625804820982, -0.0550304388079573, 0.429506113949944, 0.022241006553674, 0.134209219898496, 0.370318467977668
0.474791813688117, 0.237126187396651, -0.0548028309796663, 0.429554511799532, 0.022087814998226, 0.134137582778931, 0.370335044079468
0.474750214666879, 0.237704348904746, -0.0545562222227455, 0.429592265962552, 0.021896335758081, 0.134064471250823, 0.370358670959953
0.474715363202976, 0.23821450293565, -0.0543257546609565, 0.429630251852405, 0.021726639154328, 0.133987338142235, 0.370376265349508
0.474658670054263, 0.239118766684492, -0.0538939856753504, 0.429710863097376, 0.0214280971308716, 0.133822667278162, 0.370402166122148
0.47460627682319, 0.239733274744339, -0.0536323223059544, 0.429733691095305, 0.0211907527339058, 0.133734503012745, 0.370427813249476
0.47454836216043, 0.240597552551943, -0.0532591935115702, 0.429816210971159, 0.0208939301879967, 0.133567239396712, 0.370448834335103
0.474508487270659, 0.241080500137906, -0.0530795114881852, 0.429847510602294, 0.0207138178679122, 0.133492648821919, 0.370463122720478
0.47448029280911, 0.241515913049714, -0.0528558070093644, 0.429878262030978, 0.0205578010034661, 0.133417894098939, 0.370471636868325
0.47442363217448, 0.242132931216424, -0.0525497133904645, 0.429880577736541, 0.0202669041309537, 0.13336500926178, 0.370501042093549
0.474376986622809, 0.242945621694837, -0.0520907086453267, 0.429939573151723, 0.019971661908286, 0.133230989319938, 0.370516771929605
0.474345600144703, 0.24365669729329, -0.0516588363664991, 0.430004900243101, 0.0197386604509935, 0.13309211556651, 0.370523190718739
0.474303186314947, 0.244185281000217, -0.0513669068948562, 0.430009378785846, 0.0194866115380736, 0.133035506410759, 0.370551354624644
0.474269920401714, 0.244909113014446, -0.050922068681787, 0.430066510368796, 0.01924020476201, 0.132895273110446, 0.370562612309175
0.474223460618188, 0.245727679669356, -0.0504305733696502, 0.430104319227843, 0.0189223364997311, 0.132763684707529, 0.370589237153029
0.474194463133312, 0.246426252657626, -0.0499787913056231, 0.430158637150998, 0.0186884480301572, 0.132624857666112, 0.370600606814152
0.474167493819189, 0.247109062250923, -0.0495268622729457, 0.43021543298449, 0.018459587747059, 0.132490343186034, 0.370612470903317
0.474121161203925, 0.247901386934168, -0.0490330489217734, 0.430255661291235, 0.018132596986384, 0.132361644927193, 0.370647290574402
0.474096756915583, 0.248298224160651, -0.0487918602531197, 0.430275815755378, 0.0179644471857728, 0.132294490337372, 0.370666982987348
0.474064463536779, 0.248976490437484, -0.0483546837788671, 0.430331933358135, 0.0177160232157266, 0.132152928775098, 0.370688444185658
0.474018057462046, 0.24950444207472, -0.0480814423631219, 0.430333600324743, 0.0174408195649876, 0.1320753206225, 0.370735802369959
0.473974040706618, 0.250256913469619, -0.0476308393177866, 0.43038757805063, 0.0171329419627911, 0.131919417802025, 0.370777433239111
0.473938893914223, 0.250956057039629, -0.04719830883526, 0.43045466575302, 0.0168754495655288, 0.131758005969665, 0.370812976700919
0.47389706911109, 0.251701195760935, -0.046757511313723, 0.43051822714445, 0.0165975598515082, 0.13159382024733, 0.370857265796982
0.473944266936359, 0.252183290890285, -0.046520738130858, 0.43061069680863, 0.0164346614379843, 0.131508325929401, 0.370964394577411
0.47400181649112, 0.252939171250127, -0.0460917939283267, 0.430754633310461, 0.0162058599199317, 0.131344619318217, 0.371088951074777
0.473975629005612, 0.253330778815165, -0.0458699437237087, 0.43077639820195, 0.0160561134835251, 0.131260685810522, 0.371113986367939
0.473943683266642, 0.253979623317719, -0.0454578812420368, 0.430833353996277, 0.015848365649581, 0.131103357076645, 0.371139614582062
0.473901159503881, 0.254714907477884, -0.0450259175470897, 0.430876245779149, 0.0155949012127494, 0.130940925524015, 0.371184435591978
0.473882921898065, 0.255166061585691, -0.044806650876999, 0.430902464209484, 0.015438099048343, 0.130845376363321, 0.371233117941047
0.47386157644897, 0.255842195338562, -0.0443770345269131, 0.4309741521082, 0.015253536130826, 0.130675100929597, 0.371269436844257
0.473822839226041, 0.256327695305608, -0.0441331590198669, 0.43098631193658, 0.0150419040061846, 0.130590100368532, 0.371319326392743
0.47379555557806, 0.256733618864492, -0.0439084234182573, 0.431006238079873, 0.0148834710211313, 0.130511938343529, 0.37135372532516
0.473750621208122, 0.257469175623245, -0.0434771714716398, 0.43105356721317, 0.0146079950836025, 0.130360107792526, 0.371409582009836
0.473723613696939, 0.25809252206017, -0.043075985540362, 0.431112748594846, 0.0144023688575801, 0.130211353091633, 0.371450805523816
0.473699897374928, 0.258455247037551, -0.0428545389606172, 0.431132072360575, 0.0142583479838712, 0.130137659822192, 0.371483507677287
0.473657498218432, 0.258926261713525, -0.0425948138209451, 0.431138606592386, 0.0140352823334832, 0.130064624858504, 0.371540046399381
0.473633313563189, 0.259292289649739, -0.0423743912264579, 0.431157867728163, 0.0138938051825311, 0.129994987680131, 0.371578524693721
0.473592969408556, 0.259943788913118, -0.0419993715752073, 0.431202894579464, 0.0136684273703008, 0.129868052977474, 0.37164740342052
0.473567227617533, 0.260319508724854, -0.0417574567228806, 0.431215370763251, 0.0135277028964097, 0.12980090641174, 0.37169137904624
0.473526256332377, 0.260787127398643, -0.0414887014181674, 0.431215619640191, 0.0133253322397711, 0.129737454502522, 0.371757500712611
0.473483534364139, 0.261485587568844, -0.0410299167212319, 0.431244949172526, 0.0130758160352707, 0.129595647138708, 0.371842790491441
0.473442469123532, 0.261950397872123, -0.0407782972409946, 0.431253498381928, 0.0128764342472834, 0.129524043177356, 0.371912393870474
0.473397661688949, 0.262622542902201, -0.0403452847084077, 0.431287182799909, 0.0126275009968701, 0.129377026417676, 0.37199874108579
0.473363990281309, 0.263016609464373, -0.040114526280335, 0.431301755905151, 0.0124638109547751, 0.129305540152959, 0.372053603104183
0.473340454650026, 0.263345835589561, -0.0398973745708706, 0.431321488308306, 0.0123404940981574, 0.129238923257138, 0.372093918443728
0.473300066708517, 0.263949471221251, -0.0394701716479133, 0.431362995500325, 0.0121289022999401, 0.12911783981724, 0.372160458644899
0.473266853386114, 0.264309890590796, -0.0392424624106463, 0.431377204245881, 0.0119792136581255, 0.129063023819643, 0.372205617828529
0.473234458039788, 0.264840681552887, -0.0388258763095912, 0.431420430015115, 0.0118118803246933, 0.128964933086844, 0.372252963570987
0.473187705909003, 0.2654409948918, -0.0383894694527658, 0.431462580897227, 0.011596228335084, 0.128882378930805, 0.372313292447258
0.473151398997348, 0.265988559181951, -0.0379610316718325, 0.431508004965903, 0.0114164036299501, 0.128807885556662, 0.372361092106635
0.473109876556555, 0.266366902118971, -0.0377126469181365, 0.431524607514134, 0.0112466555658509, 0.128788997175313, 0.372409032673395
0.47306430830174, 0.266758636186103, -0.0374513959058193, 0.43154841571295, 0.0110630621429251, 0.128776227115583, 0.372461433671102
0.473036581241784, 0.267063965396721, -0.0372192442016442, 0.431574530080586, 0.0109442735494686, 0.12875422283381, 0.372493813198154
0.472986032602665, 0.267648621727439, -0.0367599225870701, 0.43162997414084, 0.0107246820447074, 0.128706475265888, 0.372551484548745
0.472915787416345, 0.268307002151714, -0.0362912689061726, 0.431694532843196, 0.010454046967275, 0.128672445521635, 0.372623992667479
0.472867830261463, 0.268865002063142, -0.0358476053190832, 0.431766587706172, 0.0102565128562831, 0.128634346953961, 0.372673749222475
0.472842758083544, 0.269142262414724, -0.0356278517491677, 0.431805062133723, 0.0101543906625329, 0.128616212035428, 0.372699557372502
0.472815372561208, 0.269600193941293, -0.035206653643556, 0.431868038698405, 0.0100052785416361, 0.128573304264485, 0.372733210856173
0.472790222219058, 0.269868195337408, -0.0349858962763258, 0.431901920542998, 0.00990354715963873, 0.128552432671315, 0.372758878679836
0.472764885736112, 0.270133245592358, -0.0347667871778753, 0.431934726538778, 0.00980336818249285, 0.128529299056831, 0.37278392044436
0.472730721167155, 0.27042585338865, -0.0345465325883457, 0.431968951906477, 0.0096896023729018, 0.12850416132382, 0.372813026223864
0.472688622509732, 0.270917771984549, -0.0341114247195861, 0.432023154988008, 0.00952105525661918, 0.12845304517185, 0.372849727939157
0.472661892579383, 0.271178170272282, -0.0338982747407521, 0.432048767875224, 0.00943263952095969, 0.128425775706267, 0.37286796201177
0.472634979396307, 0.271453940147111, -0.0336670455937627, 0.432086828135643, 0.00935362853047226, 0.128386033813492, 0.372883926980636
0.472591967875717, 0.271941044250456, -0.033234755895218, 0.432138299541313, 0.00920959479418121, 0.128332782342654, 0.372907722397011
0.472537499752365, 0.272284534658705, -0.0330213810666268, 0.432183045459394, 0.00909839857338357, 0.128303875302066, 0.372928882186152
0.472497428473805, 0.272745682692328, -0.0325918110403694, 0.432233496112985, 0.00897058947747494, 0.128263557127544, 0.372939561355014
0.472466065752404, 0.273152218225623, -0.0322161493682061, 0.432283970047445, 0.00886414655492085, 0.128238687415083, 0.372942761272943
0.472450980242561, 0.27360972923391, -0.0317768906319843, 0.432375068384058, 0.00874441490892101, 0.128245549412335, 0.372979675741757
0.472424870874702, 0.27386230530859, -0.0315581190235475, 0.432418471825223, 0.00867557902546491, 0.128240127072615, 0.372989798293394
0.47239385015674, 0.274098145581093, -0.0313442404756025, 0.43244981521318, 0.00861099010004716, 0.128224660378544, 0.372988569576199
0.472360222396229, 0.274493544582559, -0.0309235689745231, 0.432496134934305, 0.00850509035142782, 0.128195418159501, 0.372981393778024
0.472329793360053, 0.27471943662948, -0.0307083256079371, 0.432531764487257, 0.00843970066171234, 0.128180057411434, 0.372980745820438
0.472271021266444, 0.275161456701134, -0.0302720628490967, 0.432607157851468, 0.00831750805419283, 0.128150510146838, 0.372978577794147
0.472236983260187, 0.275539018025919, -0.0298429343129405, 0.432660025308112, 0.00822203926929906, 0.12811989243291, 0.372972936690355
0.472182634991758, 0.275952920352712, -0.0293965630145633, 0.432730044477126, 0.00811686289441935, 0.128084959352718, 0.372972077902626
0.472147827407893, 0.276172468481945, -0.0291731236236436, 0.432772379722915, 0.00806101541246185, 0.128063785358637, 0.372973163648814
0.472097412458487, 0.276419024467468, -0.0289470134462629, 0.432825078283037, 0.00799552545483624, 0.128038898195539, 0.372976705687387
0.472068590307436, 0.276615210220593, -0.0287331966943099, 0.432855198283155, 0.00794304374699332, 0.128014638383849, 0.372978324269046
0.472029864590207, 0.276975397703027, -0.0282980937416814, 0.432907600963818, 0.00785515259074813, 0.127967159687972, 0.372978482026012
0.471974908615862, 0.277219121776709, -0.0280629595187531, 0.432948316846576, 0.00779950676219804, 0.127935843978609, 0.372979722203327
0.471932641378973, 0.277439849516925, -0.0278321263219127, 0.432979999189618, 0.0077563192933297, 0.127905514270318, 0.372977960710766
0.471891377606813, 0.277789621633642, -0.0274061762234743, 0.433018105450798, 0.00769052075550837, 0.127852219693801, 0.372971374427571
0.471838127038058, 0.278147580964225, -0.0269615243513043, 0.433056633051704, 0.00762859293924911, 0.127792168174471, 0.372964463093702
0.471802662651078, 0.278341555595398, -0.0267361677744809, 0.433081304526129, 0.00760011892890981, 0.127758740226762, 0.372960003283845
0.471764447796245, 0.278536754515993, -0.0265275478964092, 0.433109123165866, 0.00757638419407005, 0.127722565957478, 0.372954932280949
0.471734653530002, 0.278718312047109, -0.0263153371440262, 0.433139201693173, 0.00755320602480103, 0.127685451237093, 0.372950980362772
0.471712255239487, 0.278878821324901, -0.0261141317181226, 0.433164173014023, 0.00752969074493446, 0.12764548408885, 0.372948122084642
0.471674819185454, 0.279058483889123, -0.0259235260266217, 0.433201806645434, 0.00751027460421335, 0.127591024657257, 0.372942699364254
0.471650970245107, 0.279210824124953, -0.025738668792388, 0.433227125336141, 0.00748896327088862, 0.127540710743736, 0.372940552935881
0.471615263912358, 0.279377232499483, -0.0255583415862893, 0.433261111884559, 0.00747349794390574, 0.127475579436086, 0.372936744229132
0.471593174039816, 0.279637212813401, -0.0251787881741002, 0.43328053554567, 0.00743705541208513, 0.127382283721651, 0.372935248523199
0.471574071363741, 0.279776465612299, -0.0249869596256929, 0.433293991810132, 0.00742693519986728, 0.127325783747585, 0.372932452754814
0.471542925620281, 0.279927592558019, -0.0247937550915388, 0.433315849865185, 0.00742845614260735, 0.12725379614269, 0.372928488555075
0.471523006132671, 0.280183514526912, -0.0244174007858549, 0.433343110765729, 0.00741164708243949, 0.127139240503311, 0.372933731760298
0.471496943579501, 0.280325900426432, -0.0242349900968936, 0.433364647656928, 0.00742285548826727, 0.127062167400072, 0.372935935930044
0.471481824391029, 0.280449792637544, -0.0240575385794919, 0.433373960607191, 0.00742154222639167, 0.127000349689932, 0.37294036248151
0.47146696261348, 0.280570598890801, -0.0238893025262016, 0.433377827235631, 0.00742352218688036, 0.126939019976544, 0.37294410831788
0.471452172432126, 0.280693688933589, -0.0237137916458756, 0.433383959561837, 0.00742788962518968, 0.126879388594828, 0.372946488376425
0.471433698377188, 0.280910582101646, -0.0233651814340543, 0.43337704273833, 0.00741694252624982, 0.126784981949991, 0.372950299948203
0.471418261128313, 0.281024861956845, -0.0231947154107214, 0.433375529601794, 0.00742553973899168, 0.126728620729527, 0.372949595210933
0.471396803044471, 0.281142941002084, -0.0230409437217633, 0.433376048713171, 0.00744709928058275, 0.126658147613541, 0.372947144147729
0.471403775917883, 0.281262666357666, -0.0228898962305374, 0.433403611022886, 0.00747032102917422, 0.126590572234963, 0.372969077034157
0.471387873130687, 0.281367519042071, -0.0227440752351985, 0.433405453457551, 0.00747701409108499, 0.126526161993251, 0.372969301307903
0.471371837305923, 0.281468435095138, -0.0226015035094333, 0.433405766967965, 0.00748250682783477, 0.126460937091282, 0.372969758410414
0.471348278709821, 0.281579103149286, -0.0224795523310909, 0.433415743763707, 0.00750713317271541, 0.126376842911504, 0.37296754306104
0.471329754439723, 0.281676332469748, -0.0223601913301885, 0.43342842017903, 0.00752453699457545, 0.126315654826765, 0.372967413373354
0.471314934539194, 0.28177275449288, -0.0222209481030954, 0.433434309238145, 0.00753669657407939, 0.126263930897753, 0.372967764870459
0.471290957685278, 0.281883392073527, -0.0220878370619621, 0.433450031561012, 0.00757762350517662, 0.126186179072917, 0.372964534659346
0.471262236430365, 0.282074452848995, -0.0218049675727089, 0.433454793240844, 0.00760293729885036, 0.126069646021899, 0.372962978607466
0.471244867528184, 0.282237486418556, -0.0215209745308932, 0.43344093575197, 0.00759827215881908, 0.12597703442854, 0.372965149739209
0.471228346134936, 0.282387704168047, -0.021259936945779, 0.433422846112931, 0.00759061853800502, 0.125881906577519, 0.372969507830484
0.471213392917349, 0.282461267359116, -0.0211290504752085, 0.43341921173224, 0.00760246728586049, 0.125811983246763, 0.372967905817913
0.47118927846085, 0.282535691501714, -0.021008672528908, 0.433425532629511, 0.00763606617618509, 0.125708311034852, 0.372960992059788
0.471174079710696, 0.28265363548984, -0.0207630672124253, 0.433397907369277, 0.00762485541998088, 0.125597195014232, 0.372965786637378
0.471158085856117, 0.282766162187112, -0.0204920545195331, 0.433369389061166, 0.00761337420488355, 0.125501705678571, 0.372970339370375
0.47114241709579, 0.282870529819937, -0.020227820182047, 0.433339289176364, 0.00760234886874296, 0.125408191139959, 0.372974397815576
0.471126376053866, 0.282966429485994, -0.0199793619969313, 0.433305398436153, 0.00759358345257009, 0.125319125722436, 0.37297610801809
0.471109860949156, 0.283056966176554, -0.0197330238438455, 0.433267295180247, 0.00758659491518967, 0.125234905200846, 0.372973696704672
0.471096428114326, 0.283100185774955, -0.0196149648237629, 0.433249992082098, 0.00759875527622194, 0.125175076172131, 0.372967282162995
0.471083180442077, 0.283142457909945, -0.019502676034174, 0.433228955349001, 0.00761267955704522, 0.12511780994279, 0.372958729567648
0.471070167076188, 0.283187791980615, -0.0193891726972676, 0.43320943888496, 0.00762831185185234, 0.125061838666932, 0.372948670647725
0.471054375619447, 0.283263929411143, -0.0191485815639255, 0.433152115405108, 0.00762677906409783, 0.124989304141838, 0.372936266189864
0.471039029810608, 0.283337705796506, -0.0189199342547344, 0.4330938396534, 0.00762779431902812, 0.124919009338908, 0.372922527930316
0.471027355018785, 0.283380626229679, -0.0188088171622333, 0.433074607568628, 0.00764574666014489, 0.12486928841647, 0.372910752015955
0.471010429714908, 0.283427156420315, -0.0187071483575997, 0.433067537435964, 0.00768600860594951, 0.124797379920463, 0.372892816006636
0.470993429228038, 0.283469758354315, -0.0186111697729897, 0.433068575258015, 0.0077292529213391, 0.124715954025253, 0.372873540165044
0.470979834474936, 0.28353069720148, -0.0184153080086747, 0.433026559092417, 0.00772707141701038, 0.124641873105233, 0.372857724438194
0.470971776059694, 0.283557741982596, -0.0183207706894193, 0.433014222553799, 0.00773457915389111, 0.124593534810202, 0.372847630296435
0.470964595384959, 0.283580758892187, -0.0182267797343871, 0.432999506317265, 0.00774239923867609, 0.124545603639939, 0.372837652579075
0.470952642825972, 0.283624646964193, -0.0180316652119661, 0.432964826231243, 0.0077644114426392, 0.124453442617625, 0.372814642461408
0.47094789572323, 0.283651098083047, -0.0179336214065552, 0.432950595126433, 0.0077882691297461, 0.124395279954462, 0.372800831374
0.470941032317006, 0.283690302712577, -0.017737350544008, 0.432905769708778, 0.00782218552891072, 0.124311325219499, 0.372775114945003
0.47093691071442, 0.283725539776457, -0.0175286605428246, 0.432857505774298, 0.00783324145297168, 0.124257681690344, 0.372756680540678
0.470934636545282, 0.283753655638014, -0.0173143450702941, 0.432817051791344, 0.00786587627401122, 0.124191768580124, 0.372737956547938
0.470934757378422, 0.283768694841561, -0.0172087276633046, 0.432801304063878, 0.00788703535284314, 0.124154769212258, 0.372728733715891
0.470935060812145, 0.283807501151782, -0.0170117158949876, 0.432765937813191, 0.00790569851018426, 0.124102516474844, 0.372714414937156
0.470935894346537, 0.283846579539676, -0.0168170699802767, 0.432739419736781, 0.00795033872581456, 0.124049494466862, 0.372694665223611
0.470937330975251, 0.283857442491195, -0.0167138224138932, 0.432743030716391, 0.00801580758107935, 0.124002048969269, 0.372678660925697
0.47093940605386, 0.283874044899179, -0.0166213095689019, 0.432740243543096, 0.0080647354898583, 0.123948557837671, 0.372666599369851
0.470938638153196, 0.2839181623539, -0.0164605354611613, 0.432723538895615, 0.00811174713012551, 0.123876050720696, 0.37264617358937
0.47094290909697, 0.283937878889196, -0.0163775130530365, 0.432726251618201, 0.00817868074245688, 0.123810072846773, 0.372633247816262
0.470941076802605, 0.283975429214349, -0.0162294072914524, 0.43270654830612, 0.00822266680759793, 0.123740866254358, 0.372611685841023
0.470941381167964, 0.283993056361415, -0.0161621474017615, 0.432700005980099, 0.00825555512963348, 0.123697467922163, 0.372600468687651
0.470941685300414, 0.284007768771228, -0.0160921689592491, 0.43269411996633, 0.00828772169702194, 0.123653302523268, 0.372589402439214
0.470945221602916, 0.284015445709229, -0.0160271304845811, 0.432694091796874, 0.00834207214415074, 0.123583458662033, 0.37257789850235
0.470943587746941, 0.284032278221195, -0.0158860970745567, 0.432669663829964, 0.00837483555688953, 0.123518564600905, 0.372555718041268
0.470942498059333, 0.284042606754463, -0.0157369005930525, 0.432639381224367, 0.00840336611290939, 0.123466067324165, 0.372532652025463
0.470944894785139, 0.284043633697414, -0.015664482317051, 0.432630305771067, 0.00843073404057562, 0.12342533428128, 0.372521811894008
0.470952724250926, 0.284040666327757, -0.0156030748321228, 0.432630837664884, 0.00848546432753822, 0.123356521880927, 0.372512288554376
0.470956318966983, 0.284046543506013, -0.0155378458129258, 0.432624160822701, 0.00851359191108026, 0.123319929076844, 0.372502284971606
0.470960037357667, 0.284069761789146, -0.0154012243988133, 0.432614312171936, 0.00854928435006436, 0.123273687542988, 0.372482677187238
0.470969562586617, 0.284091844839208, -0.0152853296434178, 0.432623071109547, 0.00860688503064653, 0.123198007625692, 0.372466018620659
0.470979553074395, 0.284101040623769, -0.015238244042677, 0.432635925036519, 0.00865312531120888, 0.123138784069975, 0.372459095766565
0.470983895614367, 0.284130926092132, -0.0151360969833967, 0.432634887374748, 0.0086833160785379, 0.123091975330305, 0.372443734998463
0.470989036938723, 0.284144830082645, -0.0150860048292064, 0.432638436085036, 0.00871146854279297, 0.123056117787081, 0.372435671040992
0.47099400330191, 0.284157243616441, -0.0150353562230823, 0.432641037291839, 0.00873750319422668, 0.123020722805953, 0.372428350448608
0.470998675547727, 0.284167214241348, -0.0149857917703499, 0.432641446810809, 0.0087618204173358, 0.122984513575289, 0.372421324373293
0.471003071004603, 0.28417433163699, -0.0149365306752067, 0.432639130464121, 0.00878420329081411, 0.122948679773747, 0.372414440287262
0.471004983186723, 0.284190135142383, -0.0148326537188362, 0.432621637512656, 0.00881108087213601, 0.122904637631248, 0.372395549802219
0.471009494632233, 0.284206031470739, -0.0147341578497607, 0.432607126235963, 0.0088444410497714, 0.122855081478087, 0.37237531459632
0.471015370132042, 0.284216005000748, -0.0146886905802399, 0.432605646037254, 0.00887013938450137, 0.122820094473222, 0.372365830665877
0.471022395270211, 0.284227265289852, -0.0146447219167436, 0.432608217511857, 0.00889970323603068, 0.12278576527323, 0.372355520384652
0.471022842595057, 0.284262339688149, -0.0145718849055907, 0.432600655435514, 0.00893254937494502, 0.122757436327574, 0.372329579421452
0.471024741547951, 0.284278076336164, -0.0145353233613888, 0.432602808255106, 0.00895097819587388, 0.122739272057509, 0.372317474228995
0.471026249726279, 0.284290400793573, -0.0145010566210547, 0.432604509161299, 0.00896735841314457, 0.122721167842881, 0.372305941421445
0.471033155847999, 0.284296611196855, -0.0144727942172219, 0.432617718191709, 0.00899272876517738, 0.122684374626945, 0.372297646578621
0.471035047068316, 0.28430272338771, -0.0144400013294541, 0.432620656951134, 0.00900491707449575, 0.122669566118417, 0.372287464602655
0.471036754430343, 0.284312456736044, -0.0143705264510227, 0.432622920845737, 0.00902167252163175, 0.122647495420039, 0.372264913771333
0.471043720363068, 0.284309572532397, -0.0143288722809624, 0.432636668902484, 0.00902873875823717, 0.122629118015786, 0.372255196791737
0.471040873936745, 0.28431479560227, -0.014249352251782, 0.432627421867948, 0.00902918348417562, 0.122623215472999, 0.372230204774552
0.471039317406526, 0.284318677657793, -0.0141680965804252, 0.432624563289289, 0.0090258973636547, 0.122623238924171, 0.372205937489742
0.47103912371948, 0.284324577976676, -0.0140929369515732, 0.432627677596916, 0.00902417500025961, 0.12262856253055, 0.372184283673263
0.471042547387234, 0.284324496774112, -0.0140455866561216, 0.432636543442222, 0.00902838110047229, 0.122641470292035, 0.372175229016472
0.471046418379836, 0.284326149836308, -0.0140047461044889, 0.432646126306356, 0.00902799576552225, 0.122651631842141, 0.372166827947152
0.471050592852741, 0.284330343278516, -0.0139670923527549, 0.432656490422096, 0.00902780160652239, 0.122661622261801, 0.372158890652055
0.471053191184497, 0.284345810072763, -0.0139129480594346, 0.432669455464146, 0.00902618204940016, 0.122673270371782, 0.372145077901728
0.471056052563571, 0.284354944169021, -0.0138737321450932, 0.432685873087714, 0.00902032181730165, 0.122681061279874, 0.372138075568095
0.471062337610401, 0.284350680162927, -0.0138438990336506, 0.432704982677427, 0.00900694728241998, 0.122685369553686, 0.372134639195034
0.471070167635168, 0.284341754232134, -0.0138256988355093, 0.432720317159381, 0.00899600342714361, 0.122686232839312, 0.372133272034781
0.471075172241997, 0.28433827231912, -0.0138141206783407, 0.432730548802544, 0.00898907852633035, 0.122684101427303, 0.372130928179797
0.47108453098766, 0.284332230872467, -0.0138000770075983, 0.432748470827312, 0.00897773362711823, 0.122680027054137, 0.372130167925057
0.471090251044065, 0.284339589772104, -0.0137922481879467, 0.432769296870512, 0.00896913522463136, 0.122673162121733, 0.372123861332901
0.471095220994048, 0.28434367169853, -0.0137901893333227, 0.432784174269988, 0.00896196810497332, 0.12266961692762, 0.372121273850193
0.471104597394207, 0.284343198467704, -0.0137878137726744, 0.432805081175154, 0.00894546751872081, 0.122664551173939, 0.372119937123371
0.471108500900889, 0.284365083369888, -0.0138070757549351, 0.432821607068808, 0.00893864239464287, 0.122660923945804, 0.372111437581167
0.4711127257287, 0.284371333522957, -0.0138187846866977, 0.43283103710463, 0.00893011315138776, 0.122657265092145, 0.372108446970707
0.471120045682964, 0.284383543519413, -0.0138481323508656, 0.432849889362559, 0.00891025621334418, 0.122641332359875, 0.372103429541868
0.471123280741085, 0.284389975351446, -0.013866331652433, 0.432858504647969, 0.00890090979510495, 0.122627336938842, 0.372100732426683
0.471126042015912, 0.284396430123754, -0.0138829010374405, 0.432866235941399, 0.0088916490214462, 0.122610954276654, 0.372097240576223
0.471125670852281, 0.284415600259765, -0.0139065136228289, 0.432872285161701, 0.00889138538828668, 0.122592537893968, 0.372084946472104
0.471123943320341, 0.284430031896639, -0.0139239418055831, 0.43287886050569, 0.00889313391902867, 0.122577780184626, 0.372071055624665
0.471122251982449, 0.284438449234522, -0.0139439037367076, 0.432892590410568, 0.00888895417352309, 0.122567130778016, 0.37206110247043
0.471125422291896, 0.284434666172797, -0.0139553283543145, 0.432906310858847, 0.00887289031416554, 0.122557265788567, 0.372059491261715
0.471130667819696, 0.284427334280575, -0.013965251866509, 0.432925471137552, 0.00884803193895256, 0.12254697470104, 0.372060556271497
0.471132905794793, 0.284430743946749, -0.0139856912408557, 0.432954807962691, 0.00882538165850173, 0.12254751626183, 0.372063759575371
0.471139868233885, 0.284426311765398, -0.0140017814295633, 0.432990426336016, 0.00879147489422133, 0.122548314162663, 0.372070904459272
0.471149124313301, 0.284414031705936, -0.0140068023345051, 0.433016461885276, 0.00876202092685995, 0.122546204619047, 0.372077059585507
0.471156594540392, 0.284405119519274, -0.0140122203816886, 0.433039151480219, 0.00873953652309896, 0.122545738310373, 0.372082847667341
0.471171520740545, 0.284386387492428, -0.0140404450292348, 0.433083000303316, 0.00871098055934705, 0.12254249954424, 0.372094387366992
0.47118690171863, 0.284371732283039, -0.0140652809072943, 0.433126564426582, 0.00867955919402111, 0.122546847347452, 0.372104979923793
0.471200747314621, 0.284367617018083, -0.0140901167252484, 0.433165984434241, 0.00865513531381592, 0.122555494308472, 0.372112871338339
0.47121358879374, 0.284363775093015, -0.0141034603068807, 0.43319131133937, 0.00863512151835471, 0.122561992847619, 0.372120774653779
0.471227323758002, 0.284361635456566, -0.014115543841314, 0.433215582070231, 0.00861544489547486, 0.122569241904411, 0.372129287118671
0.471254481262519, 0.284365864561386, -0.0141402928017767, 0.433260358481848, 0.00857941060162642, 0.122581092600061, 0.372145682022351
0.471270689160383, 0.284367404204457, -0.0141533319789823, 0.433282120167708, 0.00855922262004319, 0.122585334607533, 0.372155486655836
0.471300316198033, 0.28437357744249, -0.014178300039107, 0.433318374697901, 0.00852671257165426, 0.122593847423041, 0.372172237223938
0.471319661984423, 0.284382325300649, -0.0142145736678309, 0.433343128196332, 0.00851224269952718, 0.122596288298358, 0.372183034540225
0.471350365992856, 0.284367261213415, -0.0142457042371526, 0.433368235195386, 0.00847966650720028, 0.12260063199436, 0.372201909738428
0.471375510745189, 0.284343756547495, -0.0142591475188231, 0.433390079626516, 0.00844473049138524, 0.122603679104012, 0.372219347553093
0.471389060360544, 0.284328271360958, -0.0142773635146999, 0.433405259356779, 0.00842753703291175, 0.122605823789324, 0.372228004231172
0.471402854204177, 0.284307917005876, -0.0143187898898326, 0.433430390638464, 0.00841252176779784, 0.122609943151474, 0.372235817668819
0.471417761678456, 0.284282270479603, -0.0143675049112625, 0.433460521738069, 0.00838923212078189, 0.122615687646786, 0.372244595900303
0.471434757879801, 0.284251607145582, -0.0143970913546426, 0.433488312448775, 0.00835098570744907, 0.122619650193623, 0.37225588457925
0.471445329149231, 0.284232377905805, -0.0144458254595765, 0.433523209355458, 0.00833371105768225, 0.122634062396378, 0.372259890231766
0.471454717660652, 0.284212946751539, -0.0144624577199712, 0.433547616846421, 0.00831615701756056, 0.122651716260349, 0.372265048588024
0.471468840930641, 0.284187900078397, -0.0145017341004701, 0.433590834801937, 0.00828396698960862, 0.122678898853414, 0.37227213565041
0.471482863257912, 0.284165134069299, -0.0145344456304021, 0.433635009316837, 0.00824848525429599, 0.122707847096339, 0.372279741243154
0.47149275531839, 0.284157406141778, -0.014569059269769, 0.433672580077868, 0.00822834595975255, 0.122734046713645, 0.372281146971118
0.471508182878255, 0.284138460419759, -0.0145765096450051, 0.433701854793965, 0.0081959383194374, 0.122763532750747, 0.372286048857104
0.471521197595017, 0.284131074492671, -0.0146030483876958, 0.433733670130498, 0.00817914968716497, 0.122805340670738, 0.372278676253407
0.471531056070027, 0.284122034862262, -0.0146285724589804, 0.43376197093675, 0.00816773069083316, 0.122845320921986, 0.372269731770043
0.471547905259271, 0.284094512743108, -0.014650010045837, 0.433796346888822, 0.00814057738246288, 0.122893953463611, 0.372267114555135
0.471558862412175, 0.284075166157314, -0.0146803313393552, 0.433832690295051, 0.00811973869847526, 0.122930025894101, 0.372264846112548
0.471575732283733, 0.284047113747156, -0.0147183735330565, 0.433879804611208, 0.00808689669165917, 0.122970653181317, 0.372268379736347
0.47158442090389, 0.284024345133485, -0.0147703351143029, 0.433913949277222, 0.00807619959115983, 0.122993523443446, 0.372267455674019
0.471600623305104, 0.283995356179085, -0.0148301615184095, 0.433962066874786, 0.00804568749171596, 0.123021322608996, 0.372268060115205
0.471609219320682, 0.283980364018128, -0.0148591024434866, 0.433984600315575, 0.00802957070506169, 0.123034205717199, 0.372267112751969
0.471616724670433, 0.283967629621009, -0.0149053423444764, 0.434018103695717, 0.00801041495915847, 0.123055109807423, 0.372259540317439
0.471625756691484, 0.283949998547049, -0.0149241038981606, 0.434036942089306, 0.00799437825403669, 0.123071495575063, 0.372256965496961
0.471634202573981, 0.283927775451115, -0.0149503513744901, 0.434066564696176, 0.00797345279849001, 0.123098520210811, 0.372248611450195
0.471647492728815, 0.283895712840457, -0.0149569787898985, 0.434084344511273, 0.00795230500400067, 0.123122499870653, 0.372248763096433
0.471666459805326, 0.283850031700455, -0.0149568107649057, 0.434104718560933, 0.00792391322302719, 0.123155361153499, 0.372252898236283
0.47168420182757, 0.283799976100441, -0.0149666877303805, 0.434138650373252, 0.00789282149486557, 0.12319397198052, 0.372254565082678
0.471706801304797, 0.283743709275703, -0.0149774000674737, 0.434177391869681, 0.00785639312493951, 0.123232465381382, 0.372260757454303
0.471725305637894, 0.283692461282265, -0.014992517738783, 0.434212197536179, 0.00782065551258436, 0.123261907992243, 0.372266695559526
0.471748989585568, 0.283642919063568, -0.014990028774037, 0.434232873075149, 0.00779305447221678, 0.123287787647808, 0.372279841479133
0.471776344503675, 0.283592817663145, -0.0149828205088608, 0.434255374058956, 0.00776873519941538, 0.123313714836826, 0.372294614355103
0.471814560616219, 0.283526601210362, -0.01498503118503, 0.434299000171051, 0.00773280985356003, 0.12334533148453, 0.372315074055135
0.471852060300965, 0.283466863231499, -0.014974616230035, 0.434327545887282, 0.00771288470670331, 0.123373412685234, 0.372338193604926
0.471877715915693, 0.283426766876413, -0.0149780560491466, 0.434351907657976, 0.00769896126986177, 0.123389557279459, 0.372354937721701
0.471916077642883, 0.283366309634778, -0.0150024568032818, 0.434394121410466, 0.00768127511826759, 0.123409799738091, 0.372379471654652
0.471959818028603, 0.283299216603031, -0.0150015792275676, 0.434419398107449, 0.00767193906306594, 0.123435534108587, 0.372406787511681
0.472007122898805, 0.283217231385848, -0.0150291732128929, 0.434458543833564, 0.00765904741690439, 0.123457590061076, 0.372432973244611
0.472034809479194, 0.283159523851731, -0.0150708582721838, 0.434492612486126, 0.00764704477981108, 0.123470500787767, 0.372442937097629
0.47206077626022, 0.283111686646437, -0.0150811227429815, 0.434512508135884, 0.0076417468543, 0.12348471955091, 0.372455138559101
0.47211197587973, 0.283020791085828, -0.015057907329888, 0.434537051305051, 0.00764729595469201, 0.123527751049074, 0.372484355233297
0.472139183087009, 0.282965745585305, -0.0150545212200709, 0.43456052848271, 0.00764319562752332, 0.123554062162127, 0.372498935631343
0.4721666709961, 0.282894606289743, -0.0150805543300485, 0.434610043092935, 0.0076276030954944, 0.123584084450698, 0.372512737161973
0.472194493222638, 0.282819556388535, -0.0151124365940816, 0.43466689786991, 0.00760864555804419, 0.123614252364936, 0.37252929400997
0.472222602998508, 0.282759902056526, -0.015113372206688, 0.434700383018044, 0.00760011880822917, 0.123639570684994, 0.372547048680923
0.472259586883193, 0.282686345056325, -0.015109502507859, 0.434736909265278, 0.00759389583444019, 0.123665458795403, 0.372570492500017
0.472316853872867, 0.282567428360466, -0.015128003383885, 0.434806779572944, 0.00758780931521739, 0.123703746495127, 0.372604558868569
0.472362660952476, 0.282483734623725, -0.0151292115249554, 0.434843774362772, 0.00759516937955589, 0.123727921898626, 0.372629568095969
0.472392268053123, 0.282405449362362, -0.0151791136304871, 0.434901163157294, 0.00759877481521303, 0.123754345919906, 0.372642797782642
0.472422860544769, 0.282317601312108, -0.0152269726741213, 0.434956341991906, 0.00760686387863605, 0.123778719861968, 0.372657898614386
0.472468504308654, 0.28222475346397, -0.0152329968204018, 0.434998713982205, 0.00762344156337134, 0.123799725750915, 0.372682836376318
0.472511224087547, 0.282112063940834, -0.0152802040296442, 0.435070982820847, 0.00763776303981157, 0.123827029466629, 0.372706920539632
0.47254147415652, 0.282040779290079, -0.0153049743075332, 0.435114398723892, 0.00764818739005122, 0.123841229997763, 0.372724551633626
0.47257386153736, 0.281931078734518, -0.0153795334721815, 0.435187813614596, 0.00766586976501496, 0.123865526814421, 0.37274616345638
0.472606222366586, 0.281825630925283, -0.0154681068959357, 0.435270971009711, 0.00767570024497118, 0.123886758499787, 0.372767994303663
0.472638225773803, 0.281716196657229, -0.015558414323991, 0.435355634128347, 0.00768338023708398, 0.123913554754578, 0.372789088657924
0.472692333028098, 0.281596763534706, -0.0155877609964178, 0.435422939332594, 0.00770803689440134, 0.12393701469197, 0.372818154908028
0.472750652812608, 0.281468242356757, -0.0156196214020754, 0.4354934415096, 0.00773811771573514, 0.123965198823384, 0.372847934610703
0.472753457129001, 0.281463587284088, -0.01561858355999, 0.435495400428772, 0.00773983495309948, 0.123966038227081, 0.372849273681641