good interval  start time,blackout  length (sec),Blackout start time
0:00:00,1,0:00:01
0:00:02,1,0:00:03
0:00:04,1,0:00:05
0:00:06,1,0:00:07
0:00:08,1,0:00:09
0:00:10,1,0:00:11
0:00:12,1,0:00:13
0:00:14,1,0:00:15
0:00:16,1,0:00:17
0:00:18,1,0:00:19
0:00:20,1,0:00:21
0:00:22,1,0:00:23
0:00:24,1,0:00:25
0:00:26,1,0:00:27
0:00:28,1,0:00:29
0:00:30,1,0:00:31
0:00:32,1,0:00:33
0:00:34,1,0:00:35
0:00:36,1,0:00:37
0:00:38,1,0:00:39
0:00:40,1,0:00:41
0:00:42,1,0:00:43
0:00:44,1,0:00:45
0:00:46,1,0:00:47
0:00:48,1,0:00:49
0:00:50,1,0:00:51
0:00:52,1,0:00:53
0:00:54,1,0:00:55
0:00:56,1,0:00:57
0:00:58,1,0:00:59
0:01:00,1,0:01:01
0:01:02,1,0:01:03
0:01:04,1,0:01:05
0:01:06,1,0:01:07
0:01:08,1,0:01:09
0:01:10,1,0:01:11
0:01:12,1,0:01:13
0:01:14,1,0:01:15
0:01:16,1,0:01:17
0:01:18,1,0:01:19
0:01:20,1,0:01:21
0:01:22,1,0:01:23
0:01:24,1,0:01:25
0:01:26,1,0:01:27
0:01:28,1,0:01:29
0:01:30,1,0:01:31
0:01:32,1,0:01:33
0:01:34,1,0:01:35
0:01:36,1,0:01:37
0:01:38,1,0:01:39
0:01:40,1,0:01:41
0:01:42,1,0:01:43
0:01:44,1,0:01:45
0:01:46,1,0:01:47
0:01:48,1,0:01:49
0:01:50,1,0:01:51
0:01:52,1,0:01:53
0:01:54,1,0:01:55
0:01:56,1,0:01:57
0:01:58,1,0:01:59
0:02:00,1,0:02:01
0:02:02,1,0:02:03
0:02:04,1,0:02:05
0:02:06,1,0:02:07
0:02:08,1,0:02:09
0:02:10,1,0:02:11
0:02:12,1,0:02:13
0:02:14,1,0:02:15
0:02:16,1,0:02:17
0:02:18,1,0:02:19
0:02:20,1,0:02:21
0:02:22,1,0:02:23
0:02:24,1,0:02:25
0:02:26,1,0:02:27
0:02:28,1,0:02:29
0:02:30,1,0:02:31
0:02:32,1,0:02:33
0:02:34,1,0:02:35
0:02:36,1,0:02:37
0:02:38,1,0:02:39
0:02:40,1,0:02:41
0:02:42,1,0:02:43
0:02:44,1,0:02:45
0:02:46,1,0:02:47
0:02:48,1,0:02:49
0:02:50,1,0:02:51
0:02:52,1,0:02:53
0:02:54,1,0:02:55
0:02:56,1,0:02:57
0:02:58,1,0:02:59
0:03:00,1,0:03:01
0:03:02,1,0:03:03
0:03:04,1,0:03:05
0:03:06,1,0:03:07
0:03:08,1,0:03:09
0:03:10,1,0:03:11
0:03:12,1,0:03:13
0:03:14,1,0:03:15
0:03:16,1,0:03:17
0:03:18,1,0:03:19
0:03:20,1,0:03:21
0:03:22,1,0:03:23
0:03:24,1,0:03:25
0:03:26,1,0:03:27
0:03:28,1,0:03:29
0:03:30,1,0:03:31
0:03:32,1,0:03:33
0:03:34,1,0:03:35
0:03:36,1,0:03:37
0:03:38,1,0:03:39
0:03:40,1,0:03:41
0:03:42,1,0:03:43
0:03:44,1,0:03:45
0:03:46,1,0:03:47
0:03:48,1,0:03:49
0:03:50,1,0:03:51
0:03:52,1,0:03:53
0:03:54,1,0:03:55
0:03:56,1,0:03:57
0:03:58,1,0:03:59
0:04:00,1,0:04:01
0:04:02,1,0:04:03
0:04:04,1,0:04:05
0:04:06,1,0:04:07
0:04:08,1,0:04:09
0:04:10,1,0:04:11
0:04:12,1,0:04:13
0:04:14,1,0:04:15
0:04:16,1,0:04:17
0:04:18,1,0:04:19
0:04:20,1,0:04:21
0:04:22,1,0:04:23
0:04:24,1,0:04:25
0:04:26,1,0:04:27
0:04:28,1,0:04:29
0:04:30,1,0:04:31
0:04:32,1,0:04:33
0:04:34,1,0:04:35
0:04:36,1,0:04:37
0:04:38,1,0:04:39
0:04:40,1,0:04:41
0:04:42,1,0:04:43
0:04:44,1,0:04:45
0:04:46,1,0:04:47
0:04:48,1,0:04:49
0:04:50,1,0:04:51
0:04:52,1,0:04:53
0:04:54,1,0:04:55
0:04:56,1,0:04:57
0:04:58,1,0:04:59
0:05:00,1,0:05:01
0:05:02,1,0:05:03
0:05:04,1,0:05:05
0:05:06,1,0:05:07
0:05:08,1,0:05:09
0:05:10,1,0:05:11
0:05:12,1,0:05:13
0:05:14,1,0:05:15
0:05:16,1,0:05:17
0:05:18,1,0:05:19
0:05:20,1,0:05:21
0:05:22,1,0:05:23
0:05:24,1,0:05:25
0:05:26,1,0:05:27
0:05:28,1,0:05:29
0:05:30,1,0:05:31
0:05:32,1,0:05:33
0:05:34,1,0:05:35
0:05:36,1,0:05:37
0:05:38,1,0:05:39
0:05:40,1,0:05:41
0:05:42,1,0:05:43
0:05:44,1,0:05:45
0:05:46,1,0:05:47
0:05:48,1,0:05:49
0:05:50,1,0:05:51
0:05:52,1,0:05:53
0:05:54,1,0:05:55
0:05:56,1,0:05:57
0:05:58,1,0:05:59
0:06:00,1,0:06:01
0:06:02,1,0:06:03
0:06:04,1,0:06:05
0:06:06,1,0:06:07
0:06:08,1,0:06:09
0:06:10,1,0:06:11
0:06:12,1,0:06:13
0:06:14,1,0:06:15
0:06:16,1,0:06:17
0:06:18,1,0:06:19
0:06:20,1,0:06:21
0:06:22,1,0:06:23
0:06:24,1,0:06:25
0:06:26,1,0:06:27
0:06:28,1,0:06:29
0:06:30,1,0:06:31
0:06:32,1,0:06:33
0:06:34,1,0:06:35
0:06:36,1,0:06:37
0:06:38,1,0:06:39
0:06:40,1,0:06:41
0:06:42,1,0:06:43
0:06:44,1,0:06:45
0:06:46,1,0:06:47
0:06:48,1,0:06:49
0:06:50,1,0:06:51
0:06:52,1,0:06:53
0:06:54,1,0:06:55
0:06:56,1,0:06:57
0:06:58,1,0:06:59
0:07:00,1,0:07:01
0:07:02,1,0:07:03
0:07:04,1,0:07:05
0:07:06,1,0:07:07
0:07:08,1,0:07:09
0:07:10,1,0:07:11
0:07:12,1,0:07:13
0:07:14,1,0:07:15
0:07:16,1,0:07:17
0:07:18,1,0:07:19
0:07:20,1,0:07:21
0:07:22,1,0:07:23
0:07:24,1,0:07:25
0:07:26,1,0:07:27
0:07:28,1,0:07:29
0:07:30,1,0:07:31
0:07:32,1,0:07:33
0:07:34,1,0:07:35
0:07:36,1,0:07:37
0:07:38,1,0:07:39
0:07:40,1,0:07:41
0:07:42,1,0:07:43
0:07:44,1,0:07:45
0:07:46,1,0:07:47
0:07:48,1,0:07:49
0:07:50,1,0:07:51
0:07:52,1,0:07:53
0:07:54,1,0:07:55
0:07:56,1,0:07:57
0:07:58,1,0:07:59
0:08:00,1,0:08:01
0:08:02,1,0:08:03
0:08:04,1,0:08:05
0:08:06,1,0:08:07
0:08:08,1,0:08:09
0:08:10,1,0:08:11
0:08:12,1,0:08:13
0:08:14,1,0:08:15
0:08:16,1,0:08:17
0:08:18,1,0:08:19
0:08:20,1,0:08:21
0:08:22,1,0:08:23
0:08:24,1,0:08:25
0:08:26,1,0:08:27
0:08:28,1,0:08:29
0:08:30,1,0:08:31
0:08:32,1,0:08:33
0:08:34,1,0:08:35
0:08:36,1,0:08:37
0:08:38,1,0:08:39
0:08:40,1,0:08:41
0:08:42,1,0:08:43
0:08:44,1,0:08:45
0:08:46,1,0:08:47
0:08:48,1,0:08:49
0:08:50,1,0:08:51
0:08:52,1,0:08:53
0:08:54,1,0:08:55
0:08:56,1,0:08:57
0:08:58,1,0:08:59
0:09:00,1,0:09:01
0:09:02,1,0:09:03
0:09:04,1,0:09:05
0:09:06,1,0:09:07
0:09:08,1,0:09:09
0:09:10,1,0:09:11
0:09:12,1,0:09:13
0:09:14,1,0:09:15
0:09:16,1,0:09:17
0:09:18,1,0:09:19
0:09:20,1,0:09:21
0:09:22,1,0:09:23
0:09:24,1,0:09:25
0:09:26,1,0:09:27
0:09:28,1,0:09:29
0:09:30,1,0:09:31
0:09:32,1,0:09:33
0:09:34,1,0:09:35
0:09:36,1,0:09:37
0:09:38,1,0:09:39
0:09:40,1,0:09:41
0:09:42,1,0:09:43
0:09:44,1,0:09:45
0:09:46,1,0:09:47
0:09:48,1,0:09:49
0:09:50,1,0:09:51
0:09:52,1,0:09:53
0:09:54,1,0:09:55
0:09:56,1,0:09:57
0:09:58,1,0:09:59
0:10:00,1,0:10:01
0:10:02,1,0:10:03
0:10:04,1,0:10:05
0:10:06,1,0:10:07
0:10:08,1,0:10:09
0:10:10,1,0:10:11
0:10:12,1,0:10:13
0:10:14,1,0:10:15
0:10:16,1,0:10:17
0:10:18,1,0:10:19
0:10:20,1,0:10:21
0:10:22,1,0:10:23
0:10:24,1,0:10:25
0:10:26,1,0:10:27
0:10:28,1,0:10:29
0:10:30,1,0:10:31
0:10:32,1,0:10:33
0:10:34,1,0:10:35
0:10:36,1,0:10:37
0:10:38,1,0:10:39
0:10:40,1,0:10:41
0:10:42,1,0:10:43
0:10:44,1,0:10:45
0:10:46,1,0:10:47
0:10:48,1,0:10:49
0:10:50,1,0:10:51
0:10:52,1,0:10:53
0:10:54,1,0:10:55
0:10:56,1,0:10:57
0:10:58,1,0:10:59
0:11:00,1,0:11:01
0:11:02,1,0:11:03
0:11:04,1,0:11:05
0:11:06,1,0:11:07
0:11:08,1,0:11:09
0:11:10,1,0:11:11
0:11:12,1,0:11:13
0:11:14,1,0:11:15
0:11:16,1,0:11:17
0:11:18,1,0:11:19
0:11:20,1,0:11:21
0:11:22,1,0:11:23
0:11:24,1,0:11:25
0:11:26,1,0:11:27
0:11:28,1,0:11:29
0:11:30,1,0:11:31
0:11:32,1,0:11:33
0:11:34,1,0:11:35
0:11:36,1,0:11:37
0:11:38,1,0:11:39
0:11:40,1,0:11:41
0:11:42,1,0:11:43
0:11:44,1,0:11:45
0:11:46,1,0:11:47
0:11:48,1,0:11:49
0:11:50,1,0:11:51
0:11:52,1,0:11:53
0:11:54,1,0:11:55
0:11:56,1,0:11:57
0:11:58,1,0:11:59
0:12:00,1,0:12:01
0:12:02,1,0:12:03
0:12:04,1,0:12:05
0:12:06,1,0:12:07
0:12:08,1,0:12:09
0:12:10,1,0:12:11
0:12:12,1,0:12:13
0:12:14,1,0:12:15
0:12:16,1,0:12:17
0:12:18,1,0:12:19
0:12:20,1,0:12:21
0:12:22,1,0:12:23
0:12:24,1,0:12:25
0:12:26,1,0:12:27
0:12:28,1,0:12:29
0:12:30,1,0:12:31
0:12:32,1,0:12:33
0:12:34,1,0:12:35
0:12:36,1,0:12:37
0:12:38,1,0:12:39
0:12:40,1,0:12:41
0:12:42,1,0:12:43
0:12:44,1,0:12:45
0:12:46,1,0:12:47
0:12:48,1,0:12:49
0:12:50,1,0:12:51
0:12:52,1,0:12:53
0:12:54,1,0:12:55
0:12:56,1,0:12:57
0:12:58,1,0:12:59
0:13:00,1,0:13:01
0:13:02,1,0:13:03
0:13:04,1,0:13:05
0:13:06,1,0:13:07
0:13:08,1,0:13:09
0:13:10,1,0:13:11
0:13:12,1,0:13:13
0:13:14,1,0:13:15
0:13:16,1,0:13:17
0:13:18,1,0:13:19
0:13:20,1,0:13:21
0:13:22,1,0:13:23
0:13:24,1,0:13:25
0:13:26,1,0:13:27
0:13:28,1,0:13:29
0:13:30,1,0:13:31
0:13:32,1,0:13:33
0:13:34,1,0:13:35
0:13:36,1,0:13:37
0:13:38,1,0:13:39
0:13:40,1,0:13:41
0:13:42,1,0:13:43
0:13:44,1,0:13:45
0:13:46,1,0:13:47
0:13:48,1,0:13:49
0:13:50,1,0:13:51
0:13:52,1,0:13:53
0:13:54,1,0:13:55
0:13:56,1,0:13:57
0:13:58,1,0:13:59
0:14:00,1,0:14:01
0:14:02,1,0:14:03
0:14:04,1,0:14:05
0:14:06,1,0:14:07
0:14:08,1,0:14:09
0:14:10,1,0:14:11
0:14:12,1,0:14:13
0:14:14,1,0:14:15
0:14:16,1,0:14:17
0:14:18,1,0:14:19
0:14:20,1,0:14:21
0:14:22,1,0:14:23
0:14:24,1,0:14:25
0:14:26,1,0:14:27
0:14:28,1,0:14:29
0:14:30,1,0:14:31
0:14:32,1,0:14:33
0:14:34,1,0:14:35
0:14:36,1,0:14:37
0:14:38,1,0:14:39
0:14:40,1,0:14:41
0:14:42,1,0:14:43
0:14:44,1,0:14:45
0:14:46,1,0:14:47
0:14:48,1,0:14:49
0:14:50,1,0:14:51
0:14:52,1,0:14:53
0:14:54,1,0:14:55
0:14:56,1,0:14:57
0:14:58,1,0:14:59
0:15:00,1,0:15:01
0:15:02,1,0:15:03
0:15:04,1,0:15:05
0:15:06,1,0:15:07
0:15:08,1,0:15:09
0:15:10,1,0:15:11
0:15:12,1,0:15:13
0:15:14,1,0:15:15
0:15:16,1,0:15:17
0:15:18,1,0:15:19
0:15:20,1,0:15:21
0:15:22,1,0:15:23
0:15:24,1,0:15:25
0:15:26,1,0:15:27
0:15:28,1,0:15:29
0:15:30,1,0:15:31
0:15:32,1,0:15:33
0:15:34,1,0:15:35
0:15:36,1,0:15:37
0:15:38,1,0:15:39
0:15:40,1,0:15:41
0:15:42,1,0:15:43
0:15:44,1,0:15:45
0:15:46,1,0:15:47
0:15:48,1,0:15:49
0:15:50,1,0:15:51
0:15:52,1,0:15:53
0:15:54,1,0:15:55
0:15:56,1,0:15:57
0:15:58,1,0:15:59
0:16:00,1,0:16:01
0:16:02,1,0:16:03
0:16:04,1,0:16:05
0:16:06,1,0:16:07
0:16:08,1,0:16:09
0:16:10,1,0:16:11
0:16:12,1,0:16:13
0:16:14,1,0:16:15
0:16:16,1,0:16:17
0:16:18,1,0:16:19
0:16:20,1,0:16:21
0:16:22,1,0:16:23
0:16:24,1,0:16:25
0:16:26,1,0:16:27
0:16:28,1,0:16:29
0:16:30,1,0:16:31
0:16:32,1,0:16:33
0:16:34,1,0:16:35
0:16:36,1,0:16:37
0:16:38,1,0:16:39
0:16:40,1,0:16:41
0:16:42,1,0:16:43
0:16:44,1,0:16:45
0:16:46,1,0:16:47
0:16:48,1,0:16:49
0:16:50,1,0:16:51
0:16:52,1,0:16:53
0:16:54,1,0:16:55
0:16:56,1,0:16:57
0:16:58,1,0:16:59
0:17:00,1,0:17:01
0:17:02,1,0:17:03
0:17:04,1,0:17:05
0:17:06,1,0:17:07
0:17:08,1,0:17:09
0:17:10,1,0:17:11
0:17:12,1,0:17:13
0:17:14,1,0:17:15
0:17:16,1,0:17:17
0:17:18,1,0:17:19
0:17:20,1,0:17:21
0:17:22,1,0:17:23
0:17:24,1,0:17:25
0:17:26,1,0:17:27
0:17:28,1,0:17:29
0:17:30,1,0:17:31
0:17:32,1,0:17:33
0:17:34,1,0:17:35
0:17:36,1,0:17:37
0:17:38,1,0:17:39
0:17:40,1,0:17:41
0:17:42,1,0:17:43
0:17:44,1,0:17:45
0:17:46,1,0:17:47
0:17:48,1,0:17:49
0:17:50,1,0:17:51
0:17:52,1,0:17:53
0:17:54,1,0:17:55
0:17:56,1,0:17:57
0:17:58,1,0:17:59
0:18:00,1,0:18:01
0:18:02,1,0:18:03
0:18:04,1,0:18:05
0:18:06,1,0:18:07
0:18:08,1,0:18:09
0:18:10,1,0:18:11
0:18:12,1,0:18:13
0:18:14,1,0:18:15
0:18:16,1,0:18:17
0:18:18,1,0:18:19
0:18:20,1,0:18:21
0:18:22,1,0:18:23
0:18:24,1,0:18:25
0:18:26,1,0:18:27
0:18:28,1,0:18:29
0:18:30,1,0:18:31
0:18:32,1,0:18:33
0:18:34,1,0:18:35
0:18:36,1,0:18:37
0:18:38,1,0:18:39
0:18:40,1,0:18:41
0:18:42,1,0:18:43
0:18:44,1,0:18:45
0:18:46,1,0:18:47
0:18:48,1,0:18:49
0:18:50,1,0:18:51
0:18:52,1,0:18:53
0:18:54,1,0:18:55
0:18:56,1,0:18:57
0:18:58,1,0:18:59
0:19:00,1,0:19:01
0:19:02,1,0:19:03
0:19:04,1,0:19:05
0:19:06,1,0:19:07
0:19:08,1,0:19:09
0:19:10,1,0:19:11
0:19:12,1,0:19:13
0:19:14,1,0:19:15
0:19:16,1,0:19:17
0:19:18,1,0:19:19
0:19:20,1,0:19:21
0:19:22,1,0:19:23
0:19:24,1,0:19:25
0:19:26,1,0:19:27
0:19:28,1,0:19:29
0:19:30,1,0:19:31
0:19:32,1,0:19:33
0:19:34,1,0:19:35
0:19:36,1,0:19:37
0:19:38,1,0:19:39
0:19:40,1,0:19:41
0:19:42,1,0:19:43
0:19:44,1,0:19:45
0:19:46,1,0:19:47
0:19:48,1,0:19:49
0:19:50,1,0:19:51
0:19:52,1,0:19:53
0:19:54,1,0:19:55
0:19:56,1,0:19:57
0:19:58,1,0:19:59
0:20:00,1,0:20:01
0:20:02,1,0:20:03
0:20:04,1,0:20:05
0:20:06,1,0:20:07
0:20:08,1,0:20:09
0:20:10,1,0:20:11
0:20:12,1,0:20:13
0:20:14,1,0:20:15
0:20:16,1,0:20:17
0:20:18,1,0:20:19
0:20:20,1,0:20:21
0:20:22,1,0:20:23
0:20:24,1,0:20:25
0:20:26,1,0:20:27
0:20:28,1,0:20:29
0:20:30,1,0:20:31
0:20:32,1,0:20:33
0:20:34,1,0:20:35
0:20:36,1,0:20:37
0:20:38,1,0:20:39
0:20:40,1,0:20:41
0:20:42,1,0:20:43
0:20:44,1,0:20:45
0:20:46,1,0:20:47
0:20:48,1,0:20:49
0:20:50,1,0:20:51
0:20:52,1,0:20:53
0:20:54,1,0:20:55
0:20:56,1,0:20:57
0:20:58,1,0:20:59
0:21:00,1,0:21:01
0:21:02,1,0:21:03
0:21:04,1,0:21:05
0:21:06,1,0:21:07
0:21:08,1,0:21:09
0:21:10,1,0:21:11
0:21:12,1,0:21:13
0:21:14,1,0:21:15
0:21:16,1,0:21:17
0:21:18,1,0:21:19
0:21:20,1,0:21:21
0:21:22,1,0:21:23
0:21:24,1,0:21:25
0:21:26,1,0:21:27
0:21:28,1,0:21:29
0:21:30,1,0:21:31
0:21:32,1,0:21:33
0:21:34,1,0:21:35
0:21:36,1,0:21:37
0:21:38,1,0:21:39
0:21:40,1,0:21:41
0:21:42,1,0:21:43
0:21:44,1,0:21:45
0:21:46,1,0:21:47
0:21:48,1,0:21:49
0:21:50,1,0:21:51
0:21:52,1,0:21:53
0:21:54,1,0:21:55
0:21:56,1,0:21:57
0:21:58,1,0:21:59
0:22:00,1,0:22:01
0:22:02,1,0:22:03
0:22:04,1,0:22:05
0:22:06,1,0:22:07
0:22:08,1,0:22:09
0:22:10,1,0:22:11
0:22:12,1,0:22:13
0:22:14,1,0:22:15
0:22:16,1,0:22:17
0:22:18,1,0:22:19
0:22:20,1,0:22:21
0:22:22,1,0:22:23
0:22:24,1,0:22:25
0:22:26,1,0:22:27
0:22:28,1,0:22:29
0:22:30,1,0:22:31
0:22:32,1,0:22:33
0:22:34,1,0:22:35
0:22:36,1,0:22:37
0:22:38,1,0:22:39
0:22:40,1,0:22:41
0:22:42,1,0:22:43
0:22:44,1,0:22:45
0:22:46,1,0:22:47
0:22:48,1,0:22:49
0:22:50,1,0:22:51
0:22:52,1,0:22:53
0:22:54,1,0:22:55
0:22:56,1,0:22:57
0:22:58,1,0:22:59
0:23:00,1,0:23:01
0:23:02,1,0:23:03
0:23:04,1,0:23:05
0:23:06,1,0:23:07
0:23:08,1,0:23:09
0:23:10,1,0:23:11
0:23:12,1,0:23:13
0:23:14,1,0:23:15
0:23:16,1,0:23:17
0:23:18,1,0:23:19
0:23:20,1,0:23:21
0:23:22,1,0:23:23
0:23:24,1,0:23:25
0:23:26,1,0:23:27
0:23:28,1,0:23:29
0:23:30,1,0:23:31
0:23:32,1,0:23:33
0:23:34,1,0:23:35
0:23:36,1,0:23:37
0:23:38,1,0:23:39
0:23:40,1,0:23:41
0:23:42,1,0:23:43
0:23:44,1,0:23:45
0:23:46,1,0:23:47
0:23:48,1,0:23:49
0:23:50,1,0:23:51
0:23:52,1,0:23:53
0:23:54,1,0:23:55
0:23:56,1,0:23:57
0:23:58,1,0:23:59
0:24:00,1,0:24:01
0:24:02,1,0:24:03
0:24:04,1,0:24:05
0:24:06,1,0:24:07
0:24:08,1,0:24:09
0:24:10,1,0:24:11
0:24:12,1,0:24:13
0:24:14,1,0:24:15
0:24:16,1,0:24:17
0:24:18,1,0:24:19
0:24:20,1,0:24:21
0:24:22,1,0:24:23
0:24:24,1,0:24:25
0:24:26,1,0:24:27
0:24:28,1,0:24:29
0:24:30,1,0:24:31
0:24:32,1,0:24:33
0:24:34,1,0:24:35
0:24:36,1,0:24:37
0:24:38,1,0:24:39
0:24:40,1,0:24:41
0:24:42,1,0:24:43
0:24:44,1,0:24:45
0:24:46,1,0:24:47
0:24:48,1,0:24:49
0:24:50,1,0:24:51
0:24:52,1,0:24:53
0:24:54,1,0:24:55
0:24:56,1,0:24:57
0:24:58,1,0:24:59
0:25:00,1,0:25:01
0:25:02,1,0:25:03
0:25:04,1,0:25:05
0:25:06,1,0:25:07
0:25:08,1,0:25:09
0:25:10,1,0:25:11
0:25:12,1,0:25:13
0:25:14,1,0:25:15
0:25:16,1,0:25:17
0:25:18,1,0:25:19
0:25:20,1,0:25:21
0:25:22,1,0:25:23
0:25:24,1,0:25:25
0:25:26,1,0:25:27
0:25:28,1,0:25:29
0:25:30,1,0:25:31
0:25:32,1,0:25:33
0:25:34,1,0:25:35
0:25:36,1,0:25:37
0:25:38,1,0:25:39
0:25:40,1,0:25:41
0:25:42,1,0:25:43
0:25:44,1,0:25:45
0:25:46,1,0:25:47
0:25:48,1,0:25:49
0:25:50,1,0:25:51
0:25:52,1,0:25:53
0:25:54,1,0:25:55
0:25:56,1,0:25:57
0:25:58,1,0:25:59
0:26:00,1,0:26:01
0:26:02,1,0:26:03
0:26:04,1,0:26:05
0:26:06,1,0:26:07
0:26:08,1,0:26:09
0:26:10,1,0:26:11
0:26:12,1,0:26:13
0:26:14,1,0:26:15
0:26:16,1,0:26:17
0:26:18,1,0:26:19
0:26:20,1,0:26:21
0:26:22,1,0:26:23
0:26:24,1,0:26:25
0:26:26,1,0:26:27
0:26:28,1,0:26:29
0:26:30,1,0:26:31
0:26:32,1,0:26:33
0:26:34,1,0:26:35
0:26:36,1,0:26:37
0:26:38,1,0:26:39
0:26:40,1,0:26:41
0:26:42,1,0:26:43
0:26:44,1,0:26:45
0:26:46,1,0:26:47
0:26:48,1,0:26:49
0:26:50,1,0:26:51
0:26:52,1,0:26:53
0:26:54,1,0:26:55
0:26:56,1,0:26:57
0:26:58,1,0:26:59
0:27:00,1,0:27:01
0:27:02,1,0:27:03
0:27:04,1,0:27:05
0:27:06,1,0:27:07
0:27:08,1,0:27:09
0:27:10,1,0:27:11
0:27:12,1,0:27:13
0:27:14,1,0:27:15
0:27:16,1,0:27:17
0:27:18,1,0:27:19
0:27:20,1,0:27:21
0:27:22,1,0:27:23
0:27:24,1,0:27:25
0:27:26,1,0:27:27
0:27:28,1,0:27:29
0:27:30,1,0:27:31
0:27:32,1,0:27:33
0:27:34,1,0:27:35
0:27:36,1,0:27:37
0:27:38,1,0:27:39
0:27:40,1,0:27:41
0:27:42,1,0:27:43
0:27:44,1,0:27:45
0:27:46,1,0:27:47
0:27:48,1,0:27:49
0:27:50,1,0:27:51
0:27:52,1,0:27:53
0:27:54,1,0:27:55
0:27:56,1,0:27:57
0:27:58,1,0:27:59
0:28:00,1,0:28:01
0:28:02,1,0:28:03
0:28:04,1,0:28:05
0:28:06,1,0:28:07
0:28:08,1,0:28:09
0:28:10,1,0:28:11
0:28:12,1,0:28:13
0:28:14,1,0:28:15
0:28:16,1,0:28:17
0:28:18,1,0:28:19
0:28:20,1,0:28:21
0:28:22,1,0:28:23
0:28:24,1,0:28:25
0:28:26,1,0:28:27
0:28:28,1,0:28:29
0:28:30,1,0:28:31
0:28:32,1,0:28:33
0:28:34,1,0:28:35
0:28:36,1,0:28:37
0:28:38,1,0:28:39
0:28:40,1,0:28:41
0:28:42,1,0:28:43
0:28:44,1,0:28:45
0:28:46,1,0:28:47
0:28:48,1,0:28:49
0:28:50,1,0:28:51
0:28:52,1,0:28:53
0:28:54,1,0:28:55
0:28:56,1,0:28:57
0:28:58,1,0:28:59
0:29:00,1,0:29:01
0:29:02,1,0:29:03
0:29:04,1,0:29:05
0:29:06,1,0:29:07
0:29:08,1,0:29:09
0:29:10,1,0:29:11
0:29:12,1,0:29:13
0:29:14,1,0:29:15
0:29:16,1,0:29:17
0:29:18,1,0:29:19
0:29:20,1,0:29:21
0:29:22,1,0:29:23
0:29:24,1,0:29:25
0:29:26,1,0:29:27
0:29:28,1,0:29:29
0:29:30,1,0:29:31
0:29:32,1,0:29:33
0:29:34,1,0:29:35
0:29:36,1,0:29:37
0:29:38,1,0:29:39
0:29:40,1,0:29:41
0:29:42,1,0:29:43
0:29:44,1,0:29:45
0:29:46,1,0:29:47
0:29:48,1,0:29:49
0:29:50,1,0:29:51
0:29:52,1,0:29:53
0:29:54,1,0:29:55
0:29:56,1,0:29:57
0:29:58,1,0:29:59
0:30:00,1,0:30:01
0:30:02,1,0:30:03
0:30:04,1,0:30:05
0:30:06,1,0:30:07
0:30:08,1,0:30:09
0:30:10,1,0:30:11
0:30:12,1,0:30:13
0:30:14,1,0:30:15
0:30:16,1,0:30:17
0:30:18,1,0:30:19
0:30:20,1,0:30:21
0:30:22,1,0:30:23
0:30:24,1,0:30:25
0:30:26,1,0:30:27
0:30:28,1,0:30:29
0:30:30,1,0:30:31
0:30:32,1,0:30:33
0:30:34,1,0:30:35
0:30:36,1,0:30:37
0:30:38,1,0:30:39
0:30:40,1,0:30:41
0:30:42,1,0:30:43
0:30:44,1,0:30:45
0:30:46,1,0:30:47
0:30:48,1,0:30:49
0:30:50,1,0:30:51
0:30:52,1,0:30:53
0:30:54,1,0:30:55
0:30:56,1,0:30:57
0:30:58,1,0:30:59
0:31:00,1,0:31:01
0:31:02,1,0:31:03
0:31:04,1,0:31:05
0:31:06,1,0:31:07
0:31:08,1,0:31:09
0:31:10,1,0:31:11
0:31:12,1,0:31:13
0:31:14,1,0:31:15
0:31:16,1,0:31:17
0:31:18,1,0:31:19
0:31:20,1,0:31:21
0:31:22,1,0:31:23
0:31:24,1,0:31:25
0:31:26,1,0:31:27
0:31:28,1,0:31:29
0:31:30,1,0:31:31
0:31:32,1,0:31:33
0:31:34,1,0:31:35
0:31:36,1,0:31:37
0:31:38,1,0:31:39
0:31:40,1,0:31:41
0:31:42,1,0:31:43
0:31:44,1,0:31:45
0:31:46,1,0:31:47
0:31:48,1,0:31:49
0:31:50,1,0:31:51
0:31:52,1,0:31:53
0:31:54,1,0:31:55
0:31:56,1,0:31:57
0:31:58,1,0:31:59
0:32:00,1,0:32:01
0:32:02,1,0:32:03
0:32:04,1,0:32:05
0:32:06,1,0:32:07
0:32:08,1,0:32:09
0:32:10,1,0:32:11
0:32:12,1,0:32:13
0:32:14,1,0:32:15
0:32:16,1,0:32:17
0:32:18,1,0:32:19
0:32:20,1,0:32:21
0:32:22,1,0:32:23
0:32:24,1,0:32:25
0:32:26,1,0:32:27
0:32:28,1,0:32:29
0:32:30,1,0:32:31
0:32:32,1,0:32:33
0:32:34,1,0:32:35
0:32:36,1,0:32:37
0:32:38,1,0:32:39
0:32:40,1,0:32:41
0:32:42,1,0:32:43
0:32:44,1,0:32:45
0:32:46,1,0:32:47
0:32:48,1,0:32:49
0:32:50,1,0:32:51
0:32:52,1,0:32:53
0:32:54,1,0:32:55
0:32:56,1,0:32:57
0:32:58,1,0:32:59
0:33:00,1,0:33:01
0:33:02,1,0:33:03
0:33:04,1,0:33:05
0:33:06,1,0:33:07
0:33:08,1,0:33:09
0:33:10,1,0:33:11
0:33:12,1,0:33:13
0:33:14,1,0:33:15
0:33:16,1,0:33:17
0:33:18,1,0:33:19
0:33:20,1,0:33:21
0:33:22,1,0:33:23
0:33:24,1,0:33:25
0:33:26,1,0:33:27
0:33:28,1,0:33:29
0:33:30,1,0:33:31
0:33:32,1,0:33:33
0:33:34,1,0:33:35
0:33:36,1,0:33:37
0:33:38,1,0:33:39
0:33:40,1,0:33:41
0:33:42,1,0:33:43
0:33:44,1,0:33:45
0:33:46,1,0:33:47
0:33:48,1,0:33:49
0:33:50,1,0:33:51
0:33:52,1,0:33:53
0:33:54,1,0:33:55
0:33:56,1,0:33:57
0:33:58,1,0:33:59
0:34:00,1,0:34:01
0:34:02,1,0:34:03
0:34:04,1,0:34:05
0:34:06,1,0:34:07
0:34:08,1,0:34:09
0:34:10,1,0:34:11
0:34:12,1,0:34:13
0:34:14,1,0:34:15
0:34:16,1,0:34:17
0:34:18,1,0:34:19
0:34:20,1,0:34:21
0:34:22,1,0:34:23
0:34:24,1,0:34:25
0:34:26,1,0:34:27
0:34:28,1,0:34:29
0:34:30,1,0:34:31
0:34:32,1,0:34:33
0:34:34,1,0:34:35
0:34:36,1,0:34:37
0:34:38,1,0:34:39
0:34:40,1,0:34:41
0:34:42,1,0:34:43
0:34:44,1,0:34:45
0:34:46,1,0:34:47
0:34:48,1,0:34:49
0:34:50,1,0:34:51
0:34:52,1,0:34:53
0:34:54,1,0:34:55
0:34:56,1,0:34:57
0:34:58,1,0:34:59
0:35:00,1,0:35:01
0:35:02,1,0:35:03
0:35:04,1,0:35:05
0:35:06,1,0:35:07
0:35:08,1,0:35:09
0:35:10,1,0:35:11
0:35:12,1,0:35:13
0:35:14,1,0:35:15
0:35:16,1,0:35:17
0:35:18,1,0:35:19
0:35:20,1,0:35:21
0:35:22,1,0:35:23
0:35:24,1,0:35:25
0:35:26,1,0:35:27
0:35:28,1,0:35:29
0:35:30,1,0:35:31
0:35:32,1,0:35:33
0:35:34,1,0:35:35
0:35:36,1,0:35:37
0:35:38,1,0:35:39
0:35:40,1,0:35:41
0:35:42,1,0:35:43
0:35:44,1,0:35:45
0:35:46,1,0:35:47
0:35:48,1,0:35:49
0:35:50,1,0:35:51
0:35:52,1,0:35:53
0:35:54,1,0:35:55
0:35:56,1,0:35:57
0:35:58,1,0:35:59
0:36:00,1,0:36:01
0:36:02,1,0:36:03
0:36:04,1,0:36:05
0:36:06,1,0:36:07
0:36:08,1,0:36:09
0:36:10,1,0:36:11
0:36:12,1,0:36:13
0:36:14,1,0:36:15
0:36:16,1,0:36:17
0:36:18,1,0:36:19
0:36:20,1,0:36:21
0:36:22,1,0:36:23
0:36:24,1,0:36:25
0:36:26,1,0:36:27
0:36:28,1,0:36:29
0:36:30,1,0:36:31
0:36:32,1,0:36:33
0:36:34,1,0:36:35
0:36:36,1,0:36:37
0:36:38,1,0:36:39
0:36:40,1,0:36:41
0:36:42,1,0:36:43
0:36:44,1,0:36:45
0:36:46,1,0:36:47
0:36:48,1,0:36:49
0:36:50,1,0:36:51
0:36:52,1,0:36:53
0:36:54,1,0:36:55
0:36:56,1,0:36:57
0:36:58,1,0:36:59
0:37:00,1,0:37:01
0:37:02,1,0:37:03
0:37:04,1,0:37:05
0:37:06,1,0:37:07
0:37:08,1,0:37:09
0:37:10,1,0:37:11
0:37:12,1,0:37:13
0:37:14,1,0:37:15
0:37:16,1,0:37:17
0:37:18,1,0:37:19
0:37:20,1,0:37:21
0:37:22,1,0:37:23
0:37:24,1,0:37:25
0:37:26,1,0:37:27
0:37:28,1,0:37:29
0:37:30,1,0:37:31
0:37:32,1,0:37:33
0:37:34,1,0:37:35
0:37:36,1,0:37:37
0:37:38,1,0:37:39
0:37:40,1,0:37:41
0:37:42,1,0:37:43
0:37:44,1,0:37:45
0:37:46,1,0:37:47
0:37:48,1,0:37:49
0:37:50,1,0:37:51
0:37:52,1,0:37:53
0:37:54,1,0:37:55
0:37:56,1,0:37:57
0:37:58,1,0:37:59
0:38:00,1,0:38:01
0:38:02,1,0:38:03
0:38:04,1,0:38:05
0:38:06,1,0:38:07
0:38:08,1,0:38:09
0:38:10,1,0:38:11
0:38:12,1,0:38:13
0:38:14,1,0:38:15
0:38:16,1,0:38:17
0:38:18,1,0:38:19
0:38:20,1,0:38:21
0:38:22,1,0:38:23
0:38:24,1,0:38:25
0:38:26,1,0:38:27
0:38:28,1,0:38:29
0:38:30,1,0:38:31
0:38:32,1,0:38:33
0:38:34,1,0:38:35
0:38:36,1,0:38:37
0:38:38,1,0:38:39
0:38:40,1,0:38:41
0:38:42,1,0:38:43
0:38:44,1,0:38:45
0:38:46,1,0:38:47
0:38:48,1,0:38:49
0:38:50,1,0:38:51
0:38:52,1,0:38:53
0:38:54,1,0:38:55
0:38:56,1,0:38:57
0:38:58,1,0:38:59
0:39:00,1,0:39:01
0:39:02,1,0:39:03
0:39:04,1,0:39:05
0:39:06,1,0:39:07
0:39:08,1,0:39:09
0:39:10,1,0:39:11
0:39:12,1,0:39:13
0:39:14,1,0:39:15
0:39:16,1,0:39:17
0:39:18,1,0:39:19
0:39:20,1,0:39:21
0:39:22,1,0:39:23
0:39:24,1,0:39:25
0:39:26,1,0:39:27
0:39:28,1,0:39:29
0:39:30,1,0:39:31
0:39:32,1,0:39:33
0:39:34,1,0:39:35
0:39:36,1,0:39:37
0:39:38,1,0:39:39
0:39:40,1,0:39:41
0:39:42,1,0:39:43
0:39:44,1,0:39:45
0:39:46,1,0:39:47
0:39:48,1,0:39:49
0:39:50,1,0:39:51
0:39:52,1,0:39:53
0:39:54,1,0:39:55
0:39:56,1,0:39:57
0:39:58,1,0:39:59
0:40:00,1,0:40:01
0:40:02,1,0:40:03
0:40:04,1,0:40:05
0:40:06,1,0:40:07
0:40:08,1,0:40:09
0:40:10,1,0:40:11
0:40:12,1,0:40:13
0:40:14,1,0:40:15
0:40:16,1,0:40:17
0:40:18,1,0:40:19
0:40:20,1,0:40:21
0:40:22,1,0:40:23
0:40:24,1,0:40:25
0:40:26,1,0:40:27
0:40:28,1,0:40:29
0:40:30,1,0:40:31
0:40:32,1,0:40:33
0:40:34,1,0:40:35
0:40:36,1,0:40:37
0:40:38,1,0:40:39
0:40:40,1,0:40:41
0:40:42,1,0:40:43
0:40:44,1,0:40:45
0:40:46,1,0:40:47
0:40:48,1,0:40:49
0:40:50,1,0:40:51
0:40:52,1,0:40:53
0:40:54,1,0:40:55
0:40:56,1,0:40:57
0:40:58,1,0:40:59
0:41:00,1,0:41:01
0:41:02,1,0:41:03
0:41:04,1,0:41:05
0:41:06,1,0:41:07
0:41:08,1,0:41:09
0:41:10,1,0:41:11
0:41:12,1,0:41:13
0:41:14,1,0:41:15
0:41:16,1,0:41:17
0:41:18,1,0:41:19
0:41:20,1,0:41:21
0:41:22,1,0:41:23
0:41:24,1,0:41:25
0:41:26,1,0:41:27
0:41:28,1,0:41:29
0:41:30,1,0:41:31
0:41:32,1,0:41:33
0:41:34,1,0:41:35
0:41:36,1,0:41:37
0:41:38,1,0:41:39
0:41:40,1,0:41:41
0:41:42,1,0:41:43
0:41:44,1,0:41:45
0:41:46,1,0:41:47
0:41:48,1,0:41:49
0:41:50,1,0:41:51
0:41:52,1,0:41:53
0:41:54,1,0:41:55
0:41:56,1,0:41:57
0:41:58,1,0:41:59
0:42:00,1,0:42:01
0:42:02,1,0:42:03
0:42:04,1,0:42:05
0:42:06,1,0:42:07
0:42:08,1,0:42:09
0:42:10,1,0:42:11
0:42:12,1,0:42:13
0:42:14,1,0:42:15
0:42:16,1,0:42:17
0:42:18,1,0:42:19
0:42:20,1,0:42:21
0:42:22,1,0:42:23
0:42:24,1,0:42:25
0:42:26,1,0:42:27
0:42:28,1,0:42:29
0:42:30,1,0:42:31
0:42:32,1,0:42:33
0:42:34,1,0:42:35
0:42:36,1,0:42:37
0:42:38,1,0:42:39
0:42:40,1,0:42:41
0:42:42,1,0:42:43
0:42:44,1,0:42:45
0:42:46,1,0:42:47
0:42:48,1,0:42:49
0:42:50,1,0:42:51
0:42:52,1,0:42:53
0:42:54,1,0:42:55
0:42:56,1,0:42:57
0:42:58,1,0:42:59
0:43:00,1,0:43:01
0:43:02,1,0:43:03
0:43:04,1,0:43:05
0:43:06,1,0:43:07
0:43:08,1,0:43:09
0:43:10,1,0:43:11
0:43:12,1,0:43:13
0:43:14,1,0:43:15
0:43:16,1,0:43:17
0:43:18,1,0:43:19
0:43:20,1,0:43:21
0:43:22,1,0:43:23
0:43:24,1,0:43:25
0:43:26,1,0:43:27
0:43:28,1,0:43:29
0:43:30,1,0:43:31
0:43:32,1,0:43:33
0:43:34,1,0:43:35
0:43:36,1,0:43:37
0:43:38,1,0:43:39
0:43:40,1,0:43:41
0:43:42,1,0:43:43
0:43:44,1,0:43:45
0:43:46,1,0:43:47
0:43:48,1,0:43:49
0:43:50,1,0:43:51
0:43:52,1,0:43:53
0:43:54,1,0:43:55
0:43:56,1,0:43:57
0:43:58,1,0:43:59
0:44:00,1,0:44:01
0:44:02,1,0:44:03
0:44:04,1,0:44:05
0:44:06,1,0:44:07
0:44:08,1,0:44:09
0:44:10,1,0:44:11
0:44:12,1,0:44:13
0:44:14,1,0:44:15
0:44:16,1,0:44:17
0:44:18,1,0:44:19
0:44:20,1,0:44:21
0:44:22,1,0:44:23
0:44:24,1,0:44:25
0:44:26,1,0:44:27
0:44:28,1,0:44:29
0:44:30,1,0:44:31
0:44:32,1,0:44:33
0:44:34,1,0:44:35
0:44:36,1,0:44:37
0:44:38,1,0:44:39
0:44:40,1,0:44:41
0:44:42,1,0:44:43
0:44:44,1,0:44:45
0:44:46,1,0:44:47
0:44:48,1,0:44:49
0:44:50,1,0:44:51
0:44:52,1,0:44:53
0:44:54,1,0:44:55
0:44:56,1,0:44:57
0:44:58,1,0:44:59
0:45:00,1,0:45:01
0:45:02,1,0:45:03
0:45:04,1,0:45:05
0:45:06,1,0:45:07
0:45:08,1,0:45:09
0:45:10,1,0:45:11
0:45:12,1,0:45:13
0:45:14,1,0:45:15
0:45:16,1,0:45:17
0:45:18,1,0:45:19
0:45:20,1,0:45:21
0:45:22,1,0:45:23
0:45:24,1,0:45:25
0:45:26,1,0:45:27
0:45:28,1,0:45:29
0:45:30,1,0:45:31
0:45:32,1,0:45:33
0:45:34,1,0:45:35
0:45:36,1,0:45:37
0:45:38,1,0:45:39
0:45:40,1,0:45:41
0:45:42,1,0:45:43
0:45:44,1,0:45:45
0:45:46,1,0:45:47
0:45:48,1,0:45:49
0:45:50,1,0:45:51
0:45:52,1,0:45:53
0:45:54,1,0:45:55
0:45:56,1,0:45:57
0:45:58,1,0:45:59
0:46:00,1,0:46:01
0:46:02,1,0:46:03
0:46:04,1,0:46:05
0:46:06,1,0:46:07
0:46:08,1,0:46:09
0:46:10,1,0:46:11
0:46:12,1,0:46:13
0:46:14,1,0:46:15
0:46:16,1,0:46:17
0:46:18,1,0:46:19
0:46:20,1,0:46:21
0:46:22,1,0:46:23
0:46:24,1,0:46:25
0:46:26,1,0:46:27
0:46:28,1,0:46:29
0:46:30,1,0:46:31
0:46:32,1,0:46:33
0:46:34,1,0:46:35
0:46:36,1,0:46:37
0:46:38,1,0:46:39
0:46:40,1,0:46:41
0:46:42,1,0:46:43
0:46:44,1,0:46:45
0:46:46,1,0:46:47
0:46:48,1,0:46:49
0:46:50,1,0:46:51
0:46:52,1,0:46:53
0:46:54,1,0:46:55
0:46:56,1,0:46:57
0:46:58,1,0:46:59
0:47:00,1,0:47:01
0:47:02,1,0:47:03
0:47:04,1,0:47:05
0:47:06,1,0:47:07
0:47:08,1,0:47:09
0:47:10,1,0:47:11
0:47:12,1,0:47:13
0:47:14,1,0:47:15
0:47:16,1,0:47:17
0:47:18,1,0:47:19
0:47:20,1,0:47:21
0:47:22,1,0:47:23
0:47:24,1,0:47:25
0:47:26,1,0:47:27
0:47:28,1,0:47:29
0:47:30,1,0:47:31
0:47:32,1,0:47:33
0:47:34,1,0:47:35
0:47:36,1,0:47:37
0:47:38,1,0:47:39
0:47:40,1,0:47:41
0:47:42,1,0:47:43
0:47:44,1,0:47:45
0:47:46,1,0:47:47
0:47:48,1,0:47:49
0:47:50,1,0:47:51
0:47:52,1,0:47:53
0:47:54,1,0:47:55
0:47:56,1,0:47:57
0:47:58,1,0:47:59
0:48:00,1,0:48:01
0:48:02,1,0:48:03
0:48:04,1,0:48:05
0:48:06,1,0:48:07
0:48:08,1,0:48:09
0:48:10,1,0:48:11
0:48:12,1,0:48:13
0:48:14,1,0:48:15
0:48:16,1,0:48:17
0:48:18,1,0:48:19
0:48:20,1,0:48:21
0:48:22,1,0:48:23
0:48:24,1,0:48:25
0:48:26,1,0:48:27
0:48:28,1,0:48:29
0:48:30,1,0:48:31
0:48:32,1,0:48:33
0:48:34,1,0:48:35
0:48:36,1,0:48:37
0:48:38,1,0:48:39
0:48:40,1,0:48:41
0:48:42,1,0:48:43
0:48:44,1,0:48:45
0:48:46,1,0:48:47
0:48:48,1,0:48:49
0:48:50,1,0:48:51
0:48:52,1,0:48:53
0:48:54,1,0:48:55
0:48:56,1,0:48:57
0:48:58,1,0:48:59
0:49:00,1,0:49:01
0:49:02,1,0:49:03
0:49:04,1,0:49:05
0:49:06,1,0:49:07
0:49:08,1,0:49:09
0:49:10,1,0:49:11
0:49:12,1,0:49:13
0:49:14,1,0:49:15
0:49:16,1,0:49:17
0:49:18,1,0:49:19
0:49:20,1,0:49:21
0:49:22,1,0:49:23
0:49:24,1,0:49:25
0:49:26,1,0:49:27
0:49:28,1,0:49:29
0:49:30,1,0:49:31
0:49:32,1,0:49:33
0:49:34,1,0:49:35
0:49:36,1,0:49:37
0:49:38,1,0:49:39
0:49:40,1,0:49:41
0:49:42,1,0:49:43
0:49:44,1,0:49:45
0:49:46,1,0:49:47
0:49:48,1,0:49:49
0:49:50,1,0:49:51
0:49:52,1,0:49:53
0:49:54,1,0:49:55
0:49:56,1,0:49:57
0:49:58,1,0:49:59
0:50:00,1,0:50:01
0:50:02,1,0:50:03
0:50:04,1,0:50:05
0:50:06,1,0:50:07
0:50:08,1,0:50:09
0:50:10,1,0:50:11
0:50:12,1,0:50:13
0:50:14,1,0:50:15
0:50:16,1,0:50:17
0:50:18,1,0:50:19
0:50:20,1,0:50:21
0:50:22,1,0:50:23
0:50:24,1,0:50:25
0:50:26,1,0:50:27
0:50:28,1,0:50:29
0:50:30,1,0:50:31
0:50:32,1,0:50:33
0:50:34,1,0:50:35
0:50:36,1,0:50:37
0:50:38,1,0:50:39
0:50:40,1,0:50:41
0:50:42,1,0:50:43
0:50:44,1,0:50:45
0:50:46,1,0:50:47
0:50:48,1,0:50:49
0:50:50,1,0:50:51
0:50:52,1,0:50:53
0:50:54,1,0:50:55
0:50:56,1,0:50:57
0:50:58,1,0:50:59
0:51:00,1,0:51:01
0:51:02,1,0:51:03
0:51:04,1,0:51:05
0:51:06,1,0:51:07
0:51:08,1,0:51:09
0:51:10,1,0:51:11
0:51:12,1,0:51:13
0:51:14,1,0:51:15
0:51:16,1,0:51:17
0:51:18,1,0:51:19
0:51:20,1,0:51:21
0:51:22,1,0:51:23
0:51:24,1,0:51:25
0:51:26,1,0:51:27
0:51:28,1,0:51:29
0:51:30,1,0:51:31
0:51:32,1,0:51:33
0:51:34,1,0:51:35
0:51:36,1,0:51:37
0:51:38,1,0:51:39
0:51:40,1,0:51:41
0:51:42,1,0:51:43
0:51:44,1,0:51:45
0:51:46,1,0:51:47
0:51:48,1,0:51:49
0:51:50,1,0:51:51
0:51:52,1,0:51:53
0:51:54,1,0:51:55
0:51:56,1,0:51:57
0:51:58,1,0:51:59
0:52:00,1,0:52:01
0:52:02,1,0:52:03
0:52:04,1,0:52:05
0:52:06,1,0:52:07
0:52:08,1,0:52:09
0:52:10,1,0:52:11
0:52:12,1,0:52:13
0:52:14,1,0:52:15
0:52:16,1,0:52:17
0:52:18,1,0:52:19
0:52:20,1,0:52:21
0:52:22,1,0:52:23
0:52:24,1,0:52:25
0:52:26,1,0:52:27
0:52:28,1,0:52:29
0:52:30,1,0:52:31
0:52:32,1,0:52:33
0:52:34,1,0:52:35
0:52:36,1,0:52:37
0:52:38,1,0:52:39
0:52:40,1,0:52:41
0:52:42,1,0:52:43
0:52:44,1,0:52:45
0:52:46,1,0:52:47
0:52:48,1,0:52:49
0:52:50,1,0:52:51
0:52:52,1,0:52:53
0:52:54,1,0:52:55
0:52:56,1,0:52:57
0:52:58,1,0:52:59
0:53:00,1,0:53:01
0:53:02,1,0:53:03
0:53:04,1,0:53:05
0:53:06,1,0:53:07
0:53:08,1,0:53:09
0:53:10,1,0:53:11
0:53:12,1,0:53:13
0:53:14,1,0:53:15
0:53:16,1,0:53:17
0:53:18,1,0:53:19
0:53:20,1,0:53:21
0:53:22,1,0:53:23
0:53:24,1,0:53:25
0:53:26,1,0:53:27
0:53:28,1,0:53:29
0:53:30,1,0:53:31
0:53:32,1,0:53:33
0:53:34,1,0:53:35
0:53:36,1,0:53:37
0:53:38,1,0:53:39
0:53:40,1,0:53:41
0:53:42,1,0:53:43
0:53:44,1,0:53:45
0:53:46,1,0:53:47
0:53:48,1,0:53:49
0:53:50,1,0:53:51
0:53:52,1,0:53:53
0:53:54,1,0:53:55
0:53:56,1,0:53:57
0:53:58,1,0:53:59
0:54:00,1,0:54:01
0:54:02,1,0:54:03
0:54:04,1,0:54:05
0:54:06,1,0:54:07
0:54:08,1,0:54:09
0:54:10,1,0:54:11
0:54:12,1,0:54:13
0:54:14,1,0:54:15
0:54:16,1,0:54:17
0:54:18,1,0:54:19
0:54:20,1,0:54:21
0:54:22,1,0:54:23
0:54:24,1,0:54:25
0:54:26,1,0:54:27
0:54:28,1,0:54:29
0:54:30,1,0:54:31
0:54:32,1,0:54:33
0:54:34,1,0:54:35
0:54:36,1,0:54:37
0:54:38,1,0:54:39
0:54:40,1,0:54:41
0:54:42,1,0:54:43
0:54:44,1,0:54:45
0:54:46,1,0:54:47
0:54:48,1,0:54:49
0:54:50,1,0:54:51
0:54:52,1,0:54:53
0:54:54,1,0:54:55
0:54:56,1,0:54:57
0:54:58,1,0:54:59
0:55:00,1,0:55:01
0:55:02,1,0:55:03
0:55:04,1,0:55:05
0:55:06,1,0:55:07
0:55:08,1,0:55:09
0:55:10,1,0:55:11
0:55:12,1,0:55:13
0:55:14,1,0:55:15
0:55:16,1,0:55:17
0:55:18,1,0:55:19
0:55:20,1,0:55:21
0:55:22,1,0:55:23
0:55:24,1,0:55:25
0:55:26,1,0:55:27
0:55:28,1,0:55:29
0:55:30,1,0:55:31
0:55:32,1,0:55:33
0:55:34,1,0:55:35
0:55:36,1,0:55:37
0:55:38,1,0:55:39
0:55:40,1,0:55:41
0:55:42,1,0:55:43
0:55:44,1,0:55:45
0:55:46,1,0:55:47
0:55:48,1,0:55:49
0:55:50,1,0:55:51
0:55:52,1,0:55:53
0:55:54,1,0:55:55
0:55:56,1,0:55:57
0:55:58,1,0:55:59
0:56:00,1,0:56:01
0:56:02,1,0:56:03
0:56:04,1,0:56:05
0:56:06,1,0:56:07
0:56:08,1,0:56:09
0:56:10,1,0:56:11
0:56:12,1,0:56:13
0:56:14,1,0:56:15
0:56:16,1,0:56:17
0:56:18,1,0:56:19
0:56:20,1,0:56:21
0:56:22,1,0:56:23
0:56:24,1,0:56:25
0:56:26,1,0:56:27
0:56:28,1,0:56:29
0:56:30,1,0:56:31
0:56:32,1,0:56:33
0:56:34,1,0:56:35
0:56:36,1,0:56:37
0:56:38,1,0:56:39
0:56:40,1,0:56:41
0:56:42,1,0:56:43
0:56:44,1,0:56:45
0:56:46,1,0:56:47
0:56:48,1,0:56:49
0:56:50,1,0:56:51
0:56:52,1,0:56:53
0:56:54,1,0:56:55
0:56:56,1,0:56:57
0:56:58,1,0:56:59
0:57:00,1,0:57:01
0:57:02,1,0:57:03
0:57:04,1,0:57:05
0:57:06,1,0:57:07
0:57:08,1,0:57:09
0:57:10,1,0:57:11
0:57:12,1,0:57:13
0:57:14,1,0:57:15
0:57:16,1,0:57:17
0:57:18,1,0:57:19
0:57:20,1,0:57:21
0:57:22,1,0:57:23
0:57:24,1,0:57:25
0:57:26,1,0:57:27
0:57:28,1,0:57:29
0:57:30,1,0:57:31
0:57:32,1,0:57:33
0:57:34,1,0:57:35
0:57:36,1,0:57:37
0:57:38,1,0:57:39
0:57:40,1,0:57:41
0:57:42,1,0:57:43
0:57:44,1,0:57:45
0:57:46,1,0:57:47
0:57:48,1,0:57:49
0:57:50,1,0:57:51
0:57:52,1,0:57:53
0:57:54,1,0:57:55
0:57:56,1,0:57:57
0:57:58,1,0:57:59
0:58:00,1,0:58:01
0:58:02,1,0:58:03
0:58:04,1,0:58:05
0:58:06,1,0:58:07
0:58:08,1,0:58:09
0:58:10,1,0:58:11
0:58:12,1,0:58:13
0:58:14,1,0:58:15
0:58:16,1,0:58:17
0:58:18,1,0:58:19
0:58:20,1,0:58:21
0:58:22,1,0:58:23
0:58:24,1,0:58:25
0:58:26,1,0:58:27
0:58:28,1,0:58:29
0:58:30,1,0:58:31
0:58:32,1,0:58:33
0:58:34,1,0:58:35
0:58:36,1,0:58:37
0:58:38,1,0:58:39
0:58:40,1,0:58:41
0:58:42,1,0:58:43
0:58:44,1,0:58:45
0:58:46,1,0:58:47
0:58:48,1,0:58:49
0:58:50,1,0:58:51
0:58:52,1,0:58:53
0:58:54,1,0:58:55
0:58:56,1,0:58:57
0:58:58,1,0:58:59
0:59:00,1,0:59:01
0:59:02,1,0:59:03
0:59:04,1,0:59:05
0:59:06,1,0:59:07
0:59:08,1,0:59:09
0:59:10,1,0:59:11
0:59:12,1,0:59:13
0:59:14,1,0:59:15
0:59:16,1,0:59:17
0:59:18,1,0:59:19
0:59:20,1,0:59:21
0:59:22,1,0:59:23
0:59:24,1,0:59:25
0:59:26,1,0:59:27
0:59:28,1,0:59:29
0:59:30,1,0:59:31
0:59:32,1,0:59:33
0:59:34,1,0:59:35
0:59:36,1,0:59:37
0:59:38,1,0:59:39
0:59:40,1,0:59:41
0:59:42,1,0:59:43
0:59:44,1,0:59:45
0:59:46,1,0:59:47
0:59:48,1,0:59:49
0:59:50,1,0:59:51
0:59:52,1,0:59:53
0:59:54,1,0:59:55
0:59:56,1,0:59:57
0:59:58,1,0:59:59
1:00:00,1,1:00:01
1:00:02,1,1:00:03
1:00:04,1,1:00:05
1:00:06,1,1:00:07
1:00:08,1,1:00:09
1:00:10,1,1:00:11
1:00:12,1,1:00:13
1:00:14,1,1:00:15
1:00:16,1,1:00:17
1:00:18,1,1:00:19
1:00:20,1,1:00:21
1:00:22,1,1:00:23
1:00:24,1,1:00:25
1:00:26,1,1:00:27
1:00:28,1,1:00:29
1:00:30,1,1:00:31
1:00:32,1,1:00:33
1:00:34,1,1:00:35
1:00:36,1,1:00:37
1:00:38,1,1:00:39
1:00:40,1,1:00:41
1:00:42,1,1:00:43
1:00:44,1,1:00:45
1:00:46,1,1:00:47
1:00:48,1,1:00:49
1:00:50,1,1:00:51
1:00:52,1,1:00:53
1:00:54,1,1:00:55
1:00:56,1,1:00:57
1:00:58,1,1:00:59
1:01:00,1,1:01:01
1:01:02,1,1:01:03
1:01:04,1,1:01:05
1:01:06,1,1:01:07
1:01:08,1,1:01:09
1:01:10,1,1:01:11
1:01:12,1,1:01:13
1:01:14,1,1:01:15
1:01:16,1,1:01:17
1:01:18,1,1:01:19
1:01:20,1,1:01:21
1:01:22,1,1:01:23
1:01:24,1,1:01:25
1:01:26,1,1:01:27
1:01:28,1,1:01:29
1:01:30,1,1:01:31
1:01:32,1,1:01:33
1:01:34,1,1:01:35
1:01:36,1,1:01:37
1:01:38,1,1:01:39
1:01:40,1,1:01:41
1:01:42,1,1:01:43
1:01:44,1,1:01:45
1:01:46,1,1:01:47
1:01:48,1,1:01:49
1:01:50,1,1:01:51
1:01:52,1,1:01:53
1:01:54,1,1:01:55
1:01:56,1,1:01:57
1:01:58,1,1:01:59
1:02:00,1,1:02:01
1:02:02,1,1:02:03
1:02:04,1,1:02:05
1:02:06,1,1:02:07
1:02:08,1,1:02:09
1:02:10,1,1:02:11
1:02:12,1,1:02:13
1:02:14,1,1:02:15
1:02:16,1,1:02:17
1:02:18,1,1:02:19
1:02:20,1,1:02:21
1:02:22,1,1:02:23
1:02:24,1,1:02:25
1:02:26,1,1:02:27
1:02:28,1,1:02:29
1:02:30,1,1:02:31
1:02:32,1,1:02:33
1:02:34,1,1:02:35
1:02:36,1,1:02:37
1:02:38,1,1:02:39
1:02:40,1,1:02:41
1:02:42,1,1:02:43
1:02:44,1,1:02:45
1:02:46,1,1:02:47
1:02:48,1,1:02:49
1:02:50,1,1:02:51
1:02:52,1,1:02:53
1:02:54,1,1:02:55
1:02:56,1,1:02:57
1:02:58,1,1:02:59
1:03:00,1,1:03:01
1:03:02,1,1:03:03
1:03:04,1,1:03:05
1:03:06,1,1:03:07
1:03:08,1,1:03:09
1:03:10,1,1:03:11
1:03:12,1,1:03:13
1:03:14,1,1:03:15
1:03:16,1,1:03:17
1:03:18,1,1:03:19
1:03:20,1,1:03:21
1:03:22,1,1:03:23
1:03:24,1,1:03:25
1:03:26,1,1:03:27
1:03:28,1,1:03:29
1:03:30,1,1:03:31
1:03:32,1,1:03:33
1:03:34,1,1:03:35
1:03:36,1,1:03:37
1:03:38,1,1:03:39
1:03:40,1,1:03:41
1:03:42,1,1:03:43
1:03:44,1,1:03:45
1:03:46,1,1:03:47
1:03:48,1,1:03:49
1:03:50,1,1:03:51
1:03:52,1,1:03:53
1:03:54,1,1:03:55
1:03:56,1,1:03:57
1:03:58,1,1:03:59
1:04:00,1,1:04:01
1:04:02,1,1:04:03
1:04:04,1,1:04:05
1:04:06,1,1:04:07
1:04:08,1,1:04:09
1:04:10,1,1:04:11
1:04:12,1,1:04:13
1:04:14,1,1:04:15
1:04:16,1,1:04:17
1:04:18,1,1:04:19
1:04:20,1,1:04:21
1:04:22,1,1:04:23
1:04:24,1,1:04:25
1:04:26,1,1:04:27
1:04:28,1,1:04:29
1:04:30,1,1:04:31
1:04:32,1,1:04:33
1:04:34,1,1:04:35
1:04:36,1,1:04:37
1:04:38,1,1:04:39
1:04:40,1,1:04:41
1:04:42,1,1:04:43
1:04:44,1,1:04:45
1:04:46,1,1:04:47
1:04:48,1,1:04:49
1:04:50,1,1:04:51
1:04:52,1,1:04:53
1:04:54,1,1:04:55
1:04:56,1,1:04:57
1:04:58,1,1:04:59
1:05:00,1,1:05:01
1:05:02,1,1:05:03
1:05:04,1,1:05:05
1:05:06,1,1:05:07
1:05:08,1,1:05:09
1:05:10,1,1:05:11
1:05:12,1,1:05:13
1:05:14,1,1:05:15
1:05:16,1,1:05:17
1:05:18,1,1:05:19
1:05:20,1,1:05:21
1:05:22,1,1:05:23
1:05:24,1,1:05:25
1:05:26,1,1:05:27
1:05:28,1,1:05:29
1:05:30,1,1:05:31
1:05:32,1,1:05:33
1:05:34,1,1:05:35
1:05:36,1,1:05:37
1:05:38,1,1:05:39
1:05:40,1,1:05:41
1:05:42,1,1:05:43
1:05:44,1,1:05:45
1:05:46,1,1:05:47
1:05:48,1,1:05:49
1:05:50,1,1:05:51
1:05:52,1,1:05:53
1:05:54,1,1:05:55
1:05:56,1,1:05:57
1:05:58,1,1:05:59
1:06:00,1,1:06:01
1:06:02,1,1:06:03
1:06:04,1,1:06:05
1:06:06,1,1:06:07
1:06:08,1,1:06:09
1:06:10,1,1:06:11
1:06:12,1,1:06:13
1:06:14,1,1:06:15
1:06:16,1,1:06:17
1:06:18,1,1:06:19
1:06:20,1,1:06:21
1:06:22,1,1:06:23
1:06:24,1,1:06:25
1:06:26,1,1:06:27
1:06:28,1,1:06:29
1:06:30,1,1:06:31
1:06:32,1,1:06:33
1:06:34,1,1:06:35
1:06:36,1,1:06:37
1:06:38,1,1:06:39
1:06:40,1,1:06:41
1:06:42,1,1:06:43
1:06:44,1,1:06:45
1:06:46,1,1:06:47
1:06:48,1,1:06:49
1:06:50,1,1:06:51
1:06:52,1,1:06:53
1:06:54,1,1:06:55
1:06:56,1,1:06:57
1:06:58,1,1:06:59
1:07:00,1,1:07:01
1:07:02,1,1:07:03
1:07:04,1,1:07:05
1:07:06,1,1:07:07
1:07:08,1,1:07:09
1:07:10,1,1:07:11
1:07:12,1,1:07:13
1:07:14,1,1:07:15
1:07:16,1,1:07:17
1:07:18,1,1:07:19
1:07:20,1,1:07:21
1:07:22,1,1:07:23
1:07:24,1,1:07:25
1:07:26,1,1:07:27
1:07:28,1,1:07:29
1:07:30,1,1:07:31
1:07:32,1,1:07:33
1:07:34,1,1:07:35
1:07:36,1,1:07:37
1:07:38,1,1:07:39
1:07:40,1,1:07:41
1:07:42,1,1:07:43
1:07:44,1,1:07:45
1:07:46,1,1:07:47
1:07:48,1,1:07:49
1:07:50,1,1:07:51
1:07:52,1,1:07:53
1:07:54,1,1:07:55
1:07:56,1,1:07:57
1:07:58,1,1:07:59
1:08:00,1,1:08:01
1:08:02,1,1:08:03
1:08:04,1,1:08:05
1:08:06,1,1:08:07
1:08:08,1,1:08:09
1:08:10,1,1:08:11
1:08:12,1,1:08:13
1:08:14,1,1:08:15
1:08:16,1,1:08:17
1:08:18,1,1:08:19
1:08:20,1,1:08:21
1:08:22,1,1:08:23
1:08:24,1,1:08:25
1:08:26,1,1:08:27
1:08:28,1,1:08:29
1:08:30,1,1:08:31
1:08:32,1,1:08:33
1:08:34,1,1:08:35
1:08:36,1,1:08:37
1:08:38,1,1:08:39
1:08:40,1,1:08:41
1:08:42,1,1:08:43
1:08:44,1,1:08:45
1:08:46,1,1:08:47
1:08:48,1,1:08:49
1:08:50,1,1:08:51
1:08:52,1,1:08:53
1:08:54,1,1:08:55
1:08:56,1,1:08:57
1:08:58,1,1:08:59
1:09:00,1,1:09:01
1:09:02,1,1:09:03
1:09:04,1,1:09:05
1:09:06,1,1:09:07
1:09:08,1,1:09:09
1:09:10,1,1:09:11
1:09:12,1,1:09:13
1:09:14,1,1:09:15
1:09:16,1,1:09:17
1:09:18,1,1:09:19
1:09:20,1,1:09:21
1:09:22,1,1:09:23
1:09:24,1,1:09:25
1:09:26,1,1:09:27
1:09:28,1,1:09:29
1:09:30,1,1:09:31
1:09:32,1,1:09:33
1:09:34,1,1:09:35
1:09:36,1,1:09:37
1:09:38,1,1:09:39
1:09:40,1,1:09:41
1:09:42,1,1:09:43
1:09:44,1,1:09:45
1:09:46,1,1:09:47
1:09:48,1,1:09:49
1:09:50,1,1:09:51
1:09:52,1,1:09:53
1:09:54,1,1:09:55
1:09:56,1,1:09:57
1:09:58,1,1:09:59
1:10:00,1,1:10:01
1:10:02,1,1:10:03
1:10:04,1,1:10:05
1:10:06,1,1:10:07
1:10:08,1,1:10:09
1:10:10,1,1:10:11
1:10:12,1,1:10:13
1:10:14,1,1:10:15
1:10:16,1,1:10:17
1:10:18,1,1:10:19
1:10:20,1,1:10:21
1:10:22,1,1:10:23
1:10:24,1,1:10:25
1:10:26,1,1:10:27
1:10:28,1,1:10:29
1:10:30,1,1:10:31
1:10:32,1,1:10:33
1:10:34,1,1:10:35
1:10:36,1,1:10:37
1:10:38,1,1:10:39
1:10:40,1,1:10:41
1:10:42,1,1:10:43
1:10:44,1,1:10:45
1:10:46,1,1:10:47
1:10:48,1,1:10:49
1:10:50,1,1:10:51
1:10:52,1,1:10:53
1:10:54,1,1:10:55
1:10:56,1,1:10:57
1:10:58,1,1:10:59
1:11:00,1,1:11:01
1:11:02,1,1:11:03
1:11:04,1,1:11:05
1:11:06,1,1:11:07
1:11:08,1,1:11:09
1:11:10,1,1:11:11
1:11:12,1,1:11:13
1:11:14,1,1:11:15
1:11:16,1,1:11:17
1:11:18,1,1:11:19
1:11:20,1,1:11:21
1:11:22,1,1:11:23
1:11:24,1,1:11:25
1:11:26,1,1:11:27
1:11:28,1,1:11:29
1:11:30,1,1:11:31
1:11:32,1,1:11:33
1:11:34,1,1:11:35
1:11:36,1,1:11:37
1:11:38,1,1:11:39
1:11:40,1,1:11:41
1:11:42,1,1:11:43
1:11:44,1,1:11:45
1:11:46,1,1:11:47
1:11:48,1,1:11:49
1:11:50,1,1:11:51
1:11:52,1,1:11:53
1:11:54,1,1:11:55
1:11:56,1,1:11:57
1:11:58,1,1:11:59
1:12:00,1,1:12:01
1:12:02,1,1:12:03
1:12:04,1,1:12:05
1:12:06,1,1:12:07
1:12:08,1,1:12:09
1:12:10,1,1:12:11
1:12:12,1,1:12:13
1:12:14,1,1:12:15
1:12:16,1,1:12:17
1:12:18,1,1:12:19
1:12:20,1,1:12:21
1:12:22,1,1:12:23
1:12:24,1,1:12:25
1:12:26,1,1:12:27
1:12:28,1,1:12:29
1:12:30,1,1:12:31
1:12:32,1,1:12:33
1:12:34,1,1:12:35
1:12:36,1,1:12:37
1:12:38,1,1:12:39
1:12:40,1,1:12:41
1:12:42,1,1:12:43
1:12:44,1,1:12:45
1:12:46,1,1:12:47
1:12:48,1,1:12:49
1:12:50,1,1:12:51
1:12:52,1,1:12:53
1:12:54,1,1:12:55
1:12:56,1,1:12:57
1:12:58,1,1:12:59
1:13:00,1,1:13:01
1:13:02,1,1:13:03
1:13:04,1,1:13:05
1:13:06,1,1:13:07
1:13:08,1,1:13:09
1:13:10,1,1:13:11
1:13:12,1,1:13:13
1:13:14,1,1:13:15
1:13:16,1,1:13:17
1:13:18,1,1:13:19
1:13:20,1,1:13:21
1:13:22,1,1:13:23
1:13:24,1,1:13:25
1:13:26,1,1:13:27
1:13:28,1,1:13:29
1:13:30,1,1:13:31
1:13:32,1,1:13:33
1:13:34,1,1:13:35
1:13:36,1,1:13:37
1:13:38,1,1:13:39
1:13:40,1,1:13:41
1:13:42,1,1:13:43
1:13:44,1,1:13:45
1:13:46,1,1:13:47
1:13:48,1,1:13:49
1:13:50,1,1:13:51
1:13:52,1,1:13:53
1:13:54,1,1:13:55
1:13:56,1,1:13:57
1:13:58,1,1:13:59
1:14:00,1,1:14:01
1:14:02,1,1:14:03
1:14:04,1,1:14:05
1:14:06,1,1:14:07
1:14:08,1,1:14:09
1:14:10,1,1:14:11
1:14:12,1,1:14:13
1:14:14,1,1:14:15
1:14:16,1,1:14:17
1:14:18,1,1:14:19
1:14:20,1,1:14:21
1:14:22,1,1:14:23
1:14:24,1,1:14:25
1:14:26,1,1:14:27
1:14:28,1,1:14:29
1:14:30,1,1:14:31
1:14:32,1,1:14:33
1:14:34,1,1:14:35
1:14:36,1,1:14:37
1:14:38,1,1:14:39
1:14:40,1,1:14:41
1:14:42,1,1:14:43
1:14:44,1,1:14:45
1:14:46,1,1:14:47
1:14:48,1,1:14:49
1:14:50,1,1:14:51
1:14:52,1,1:14:53
1:14:54,1,1:14:55
1:14:56,1,1:14:57
1:14:58,1,1:14:59
1:15:00,1,1:15:01
1:15:02,1,1:15:03
1:15:04,1,1:15:05
1:15:06,1,1:15:07
1:15:08,1,1:15:09
1:15:10,1,1:15:11
1:15:12,1,1:15:13
1:15:14,1,1:15:15
1:15:16,1,1:15:17
1:15:18,1,1:15:19
1:15:20,1,1:15:21
1:15:22,1,1:15:23
1:15:24,1,1:15:25
1:15:26,1,1:15:27
1:15:28,1,1:15:29
1:15:30,1,1:15:31
1:15:32,1,1:15:33
1:15:34,1,1:15:35
1:15:36,1,1:15:37
1:15:38,1,1:15:39
1:15:40,1,1:15:41
1:15:42,1,1:15:43
1:15:44,1,1:15:45
1:15:46,1,1:15:47
1:15:48,1,1:15:49
1:15:50,1,1:15:51
1:15:52,1,1:15:53
1:15:54,1,1:15:55
1:15:56,1,1:15:57
1:15:58,1,1:15:59
1:16:00,1,1:16:01
1:16:02,1,1:16:03
1:16:04,1,1:16:05
1:16:06,1,1:16:07
1:16:08,1,1:16:09
1:16:10,1,1:16:11
1:16:12,1,1:16:13
1:16:14,1,1:16:15
1:16:16,1,1:16:17
1:16:18,1,1:16:19
1:16:20,1,1:16:21
1:16:22,1,1:16:23
1:16:24,1,1:16:25
1:16:26,1,1:16:27
1:16:28,1,1:16:29
1:16:30,1,1:16:31
1:16:32,1,1:16:33
1:16:34,1,1:16:35
1:16:36,1,1:16:37
1:16:38,1,1:16:39
1:16:40,1,1:16:41
1:16:42,1,1:16:43
1:16:44,1,1:16:45
1:16:46,1,1:16:47
1:16:48,1,1:16:49
1:16:50,1,1:16:51
1:16:52,1,1:16:53
1:16:54,1,1:16:55
1:16:56,1,1:16:57
1:16:58,1,1:16:59
1:17:00,1,1:17:01
1:17:02,1,1:17:03
1:17:04,1,1:17:05
1:17:06,1,1:17:07
1:17:08,1,1:17:09
1:17:10,1,1:17:11
1:17:12,1,1:17:13
1:17:14,1,1:17:15
1:17:16,1,1:17:17
1:17:18,1,1:17:19
1:17:20,1,1:17:21
1:17:22,1,1:17:23
1:17:24,1,1:17:25
1:17:26,1,1:17:27
1:17:28,1,1:17:29
1:17:30,1,1:17:31
1:17:32,1,1:17:33
1:17:34,1,1:17:35
1:17:36,1,1:17:37
1:17:38,1,1:17:39
1:17:40,1,1:17:41
1:17:42,1,1:17:43
1:17:44,1,1:17:45
1:17:46,1,1:17:47
1:17:48,1,1:17:49
1:17:50,1,1:17:51
1:17:52,1,1:17:53
1:17:54,1,1:17:55
1:17:56,1,1:17:57
1:17:58,1,1:17:59
1:18:00,1,1:18:01
1:18:02,1,1:18:03
1:18:04,1,1:18:05
1:18:06,1,1:18:07
1:18:08,1,1:18:09
1:18:10,1,1:18:11
1:18:12,1,1:18:13
1:18:14,1,1:18:15
1:18:16,1,1:18:17
1:18:18,1,1:18:19
1:18:20,1,1:18:21
1:18:22,1,1:18:23
1:18:24,1,1:18:25
1:18:26,1,1:18:27
1:18:28,1,1:18:29
1:18:30,1,1:18:31
1:18:32,1,1:18:33
1:18:34,1,1:18:35
1:18:36,1,1:18:37
1:18:38,1,1:18:39
1:18:40,1,1:18:41
1:18:42,1,1:18:43
1:18:44,1,1:18:45
1:18:46,1,1:18:47
1:18:48,1,1:18:49
1:18:50,1,1:18:51
1:18:52,1,1:18:53
1:18:54,1,1:18:55
1:18:56,1,1:18:57
1:18:58,1,1:18:59
1:19:00,1,1:19:01
1:19:02,1,1:19:03
1:19:04,1,1:19:05
1:19:06,1,1:19:07
1:19:08,1,1:19:09
1:19:10,1,1:19:11
1:19:12,1,1:19:13
1:19:14,1,1:19:15
1:19:16,1,1:19:17
1:19:18,1,1:19:19
1:19:20,1,1:19:21
1:19:22,1,1:19:23
1:19:24,1,1:19:25
1:19:26,1,1:19:27
1:19:28,1,1:19:29
1:19:30,1,1:19:31
1:19:32,1,1:19:33
1:19:34,1,1:19:35
1:19:36,1,1:19:37
1:19:38,1,1:19:39
1:19:40,1,1:19:41
1:19:42,1,1:19:43
1:19:44,1,1:19:45
1:19:46,1,1:19:47
1:19:48,1,1:19:49
1:19:50,1,1:19:51
1:19:52,1,1:19:53
1:19:54,1,1:19:55
1:19:56,1,1:19:57
1:19:58,1,1:19:59
1:20:00,1,1:20:01
1:20:02,1,1:20:03
1:20:04,1,1:20:05
1:20:06,1,1:20:07
1:20:08,1,1:20:09
1:20:10,1,1:20:11
1:20:12,1,1:20:13
1:20:14,1,1:20:15
1:20:16,1,1:20:17
1:20:18,1,1:20:19
1:20:20,1,1:20:21
1:20:22,1,1:20:23
1:20:24,1,1:20:25
1:20:26,1,1:20:27
1:20:28,1,1:20:29
1:20:30,1,1:20:31
1:20:32,1,1:20:33
1:20:34,1,1:20:35
1:20:36,1,1:20:37
1:20:38,1,1:20:39
1:20:40,1,1:20:41
1:20:42,1,1:20:43
1:20:44,1,1:20:45
1:20:46,1,1:20:47
1:20:48,1,1:20:49
1:20:50,1,1:20:51
1:20:52,1,1:20:53
1:20:54,1,1:20:55
1:20:56,1,1:20:57
1:20:58,1,1:20:59
1:21:00,1,1:21:01
1:21:02,1,1:21:03
1:21:04,1,1:21:05
1:21:06,1,1:21:07
1:21:08,1,1:21:09
1:21:10,1,1:21:11
1:21:12,1,1:21:13
1:21:14,1,1:21:15
1:21:16,1,1:21:17
1:21:18,1,1:21:19
1:21:20,1,1:21:21
1:21:22,1,1:21:23
1:21:24,1,1:21:25
1:21:26,1,1:21:27
1:21:28,1,1:21:29
1:21:30,1,1:21:31
1:21:32,1,1:21:33
1:21:34,1,1:21:35
1:21:36,1,1:21:37
1:21:38,1,1:21:39
1:21:40,1,1:21:41
1:21:42,1,1:21:43
1:21:44,1,1:21:45
1:21:46,1,1:21:47
1:21:48,1,1:21:49
1:21:50,1,1:21:51
1:21:52,1,1:21:53
1:21:54,1,1:21:55
1:21:56,1,1:21:57
1:21:58,1,1:21:59
1:22:00,1,1:22:01
1:22:02,1,1:22:03
1:22:04,1,1:22:05
1:22:06,1,1:22:07
1:22:08,1,1:22:09
1:22:10,1,1:22:11
1:22:12,1,1:22:13
1:22:14,1,1:22:15
1:22:16,1,1:22:17
1:22:18,1,1:22:19
1:22:20,1,1:22:21
1:22:22,1,1:22:23
1:22:24,1,1:22:25
1:22:26,1,1:22:27
1:22:28,1,1:22:29
1:22:30,1,1:22:31
1:22:32,1,1:22:33
1:22:34,1,1:22:35
1:22:36,1,1:22:37
1:22:38,1,1:22:39
1:22:40,1,1:22:41
1:22:42,1,1:22:43
1:22:44,1,1:22:45
1:22:46,1,1:22:47
1:22:48,1,1:22:49
1:22:50,1,1:22:51
1:22:52,1,1:22:53
1:22:54,1,1:22:55
1:22:56,1,1:22:57
1:22:58,1,1:22:59
1:23:00,1,1:23:01
1:23:02,1,1:23:03
1:23:04,1,1:23:05
1:23:06,1,1:23:07
1:23:08,1,1:23:09
1:23:10,1,1:23:11
1:23:12,1,1:23:13
1:23:14,1,1:23:15
1:23:16,1,1:23:17
1:23:18,1,1:23:19
1:23:20,1,1:23:21
1:23:22,1,1:23:23
1:23:24,1,1:23:25
1:23:26,1,1:23:27
1:23:28,1,1:23:29
1:23:30,1,1:23:31
1:23:32,1,1:23:33
1:23:34,1,1:23:35
1:23:36,1,1:23:37
1:23:38,1,1:23:39
1:23:40,1,1:23:41
1:23:42,1,1:23:43
1:23:44,1,1:23:45
1:23:46,1,1:23:47
1:23:48,1,1:23:49
1:23:50,1,1:23:51
1:23:52,1,1:23:53
1:23:54,1,1:23:55
1:23:56,1,1:23:57
1:23:58,1,1:23:59
1:24:00,1,1:24:01
1:24:02,1,1:24:03
1:24:04,1,1:24:05
1:24:06,1,1:24:07
1:24:08,1,1:24:09
1:24:10,1,1:24:11
1:24:12,1,1:24:13
1:24:14,1,1:24:15
1:24:16,1,1:24:17
1:24:18,1,1:24:19
1:24:20,1,1:24:21
1:24:22,1,1:24:23
1:24:24,1,1:24:25
1:24:26,1,1:24:27
1:24:28,1,1:24:29
1:24:30,1,1:24:31
1:24:32,1,1:24:33
1:24:34,1,1:24:35
1:24:36,1,1:24:37
1:24:38,1,1:24:39
1:24:40,1,1:24:41
1:24:42,1,1:24:43
1:24:44,1,1:24:45
1:24:46,1,1:24:47
1:24:48,1,1:24:49
1:24:50,1,1:24:51
1:24:52,1,1:24:53
1:24:54,1,1:24:55
1:24:56,1,1:24:57
1:24:58,1,1:24:59
1:25:00,1,1:25:01
1:25:02,1,1:25:03
1:25:04,1,1:25:05
1:25:06,1,1:25:07
1:25:08,1,1:25:09
1:25:10,1,1:25:11
1:25:12,1,1:25:13
1:25:14,1,1:25:15
1:25:16,1,1:25:17
1:25:18,1,1:25:19
1:25:20,1,1:25:21
1:25:22,1,1:25:23
1:25:24,1,1:25:25
1:25:26,1,1:25:27
1:25:28,1,1:25:29
1:25:30,1,1:25:31
1:25:32,1,1:25:33
1:25:34,1,1:25:35
1:25:36,1,1:25:37
1:25:38,1,1:25:39
1:25:40,1,1:25:41
1:25:42,1,1:25:43
1:25:44,1,1:25:45
1:25:46,1,1:25:47
1:25:48,1,1:25:49
1:25:50,1,1:25:51
1:25:52,1,1:25:53
1:25:54,1,1:25:55
1:25:56,1,1:25:57
1:25:58,1,1:25:59
1:26:00,1,1:26:01
1:26:02,1,1:26:03
1:26:04,1,1:26:05
1:26:06,1,1:26:07
1:26:08,1,1:26:09
1:26:10,1,1:26:11
1:26:12,1,1:26:13
1:26:14,1,1:26:15
1:26:16,1,1:26:17
1:26:18,1,1:26:19
1:26:20,1,1:26:21
1:26:22,1,1:26:23
1:26:24,1,1:26:25
1:26:26,1,1:26:27
1:26:28,1,1:26:29
1:26:30,1,1:26:31
1:26:32,1,1:26:33
1:26:34,1,1:26:35
1:26:36,1,1:26:37
1:26:38,1,1:26:39
1:26:40,1,1:26:41
1:26:42,1,1:26:43
1:26:44,1,1:26:45
1:26:46,1,1:26:47
1:26:48,1,1:26:49
1:26:50,1,1:26:51
1:26:52,1,1:26:53
1:26:54,1,1:26:55
1:26:56,1,1:26:57
1:26:58,1,1:26:59
1:27:00,1,1:27:01
1:27:02,1,1:27:03
1:27:04,1,1:27:05
1:27:06,1,1:27:07
1:27:08,1,1:27:09
1:27:10,1,1:27:11
1:27:12,1,1:27:13
1:27:14,1,1:27:15
1:27:16,1,1:27:17
1:27:18,1,1:27:19
1:27:20,1,1:27:21
1:27:22,1,1:27:23
1:27:24,1,1:27:25
1:27:26,1,1:27:27
1:27:28,1,1:27:29
1:27:30,1,1:27:31
1:27:32,1,1:27:33
1:27:34,1,1:27:35
1:27:36,1,1:27:37
1:27:38,1,1:27:39
1:27:40,1,1:27:41
1:27:42,1,1:27:43
1:27:44,1,1:27:45
1:27:46,1,1:27:47
1:27:48,1,1:27:49
1:27:50,1,1:27:51
1:27:52,1,1:27:53
1:27:54,1,1:27:55
1:27:56,1,1:27:57
1:27:58,1,1:27:59
1:28:00,1,1:28:01
1:28:02,1,1:28:03
1:28:04,1,1:28:05
1:28:06,1,1:28:07
1:28:08,1,1:28:09
1:28:10,1,1:28:11
1:28:12,1,1:28:13
1:28:14,1,1:28:15
1:28:16,1,1:28:17
1:28:18,1,1:28:19
1:28:20,1,1:28:21
1:28:22,1,1:28:23
1:28:24,1,1:28:25
1:28:26,1,1:28:27
1:28:28,1,1:28:29
1:28:30,1,1:28:31
1:28:32,1,1:28:33
1:28:34,1,1:28:35
1:28:36,1,1:28:37
1:28:38,1,1:28:39
1:28:40,1,1:28:41
1:28:42,1,1:28:43
1:28:44,1,1:28:45
1:28:46,1,1:28:47
1:28:48,1,1:28:49
1:28:50,1,1:28:51
1:28:52,1,1:28:53
1:28:54,1,1:28:55
1:28:56,1,1:28:57
1:28:58,1,1:28:59
1:29:00,1,1:29:01
1:29:02,1,1:29:03
1:29:04,1,1:29:05
1:29:06,1,1:29:07
1:29:08,1,1:29:09
1:29:10,1,1:29:11
1:29:12,1,1:29:13
1:29:14,1,1:29:15
1:29:16,1,1:29:17
1:29:18,1,1:29:19
1:29:20,1,1:29:21
1:29:22,1,1:29:23
1:29:24,1,1:29:25
1:29:26,1,1:29:27
1:29:28,1,1:29:29
1:29:30,1,1:29:31
1:29:32,1,1:29:33
1:29:34,1,1:29:35
1:29:36,1,1:29:37
1:29:38,1,1:29:39
1:29:40,1,1:29:41
1:29:42,1,1:29:43
1:29:44,1,1:29:45
1:29:46,1,1:29:47
1:29:48,1,1:29:49
1:29:50,1,1:29:51
1:29:52,1,1:29:53
1:29:54,1,1:29:55
1:29:56,1,1:29:57
1:29:58,1,1:29:59
1:30:00,1,1:30:01
1:30:02,1,1:30:03
1:30:04,1,1:30:05
1:30:06,1,1:30:07
1:30:08,1,1:30:09
1:30:10,1,1:30:11
1:30:12,1,1:30:13
1:30:14,1,1:30:15
1:30:16,1,1:30:17
1:30:18,1,1:30:19
1:30:20,1,1:30:21
1:30:22,1,1:30:23
1:30:24,1,1:30:25
1:30:26,1,1:30:27
1:30:28,1,1:30:29
1:30:30,1,1:30:31
1:30:32,1,1:30:33
1:30:34,1,1:30:35
1:30:36,1,1:30:37
1:30:38,1,1:30:39
1:30:40,1,1:30:41
1:30:42,1,1:30:43
1:30:44,1,1:30:45
1:30:46,1,1:30:47
1:30:48,1,1:30:49
1:30:50,1,1:30:51
1:30:52,1,1:30:53
1:30:54,1,1:30:55
1:30:56,1,1:30:57
1:30:58,1,1:30:59
1:31:00,1,1:31:01
1:31:02,1,1:31:03
1:31:04,1,1:31:05
1:31:06,1,1:31:07
1:31:08,1,1:31:09
1:31:10,1,1:31:11
1:31:12,1,1:31:13
1:31:14,1,1:31:15
1:31:16,1,1:31:17
1:31:18,1,1:31:19
1:31:20,1,1:31:21
1:31:22,1,1:31:23
1:31:24,1,1:31:25
1:31:26,1,1:31:27
1:31:28,1,1:31:29
1:31:30,1,1:31:31
1:31:32,1,1:31:33
1:31:34,1,1:31:35
1:31:36,1,1:31:37
1:31:38,1,1:31:39
1:31:40,1,1:31:41
1:31:42,1,1:31:43
1:31:44,1,1:31:45
1:31:46,1,1:31:47
1:31:48,1,1:31:49
1:31:50,1,1:31:51
1:31:52,1,1:31:53
1:31:54,1,1:31:55
1:31:56,1,1:31:57
1:31:58,1,1:31:59
1:32:00,1,1:32:01
1:32:02,1,1:32:03
1:32:04,1,1:32:05
1:32:06,1,1:32:07
1:32:08,1,1:32:09
1:32:10,1,1:32:11
1:32:12,1,1:32:13
1:32:14,1,1:32:15
1:32:16,1,1:32:17
1:32:18,1,1:32:19
1:32:20,1,1:32:21
1:32:22,1,1:32:23
1:32:24,1,1:32:25
1:32:26,1,1:32:27
1:32:28,1,1:32:29
1:32:30,1,1:32:31
1:32:32,1,1:32:33
1:32:34,1,1:32:35
1:32:36,1,1:32:37
1:32:38,1,1:32:39
1:32:40,1,1:32:41
1:32:42,1,1:32:43
1:32:44,1,1:32:45
1:32:46,1,1:32:47
1:32:48,1,1:32:49
1:32:50,1,1:32:51
1:32:52,1,1:32:53
1:32:54,1,1:32:55
1:32:56,1,1:32:57
1:32:58,1,1:32:59
1:33:00,1,1:33:01
1:33:02,1,1:33:03
1:33:04,1,1:33:05
1:33:06,1,1:33:07
1:33:08,1,1:33:09
1:33:10,1,1:33:11
1:33:12,1,1:33:13
1:33:14,1,1:33:15
1:33:16,1,1:33:17
1:33:18,1,1:33:19
1:33:20,1,1:33:21
1:33:22,1,1:33:23
1:33:24,1,1:33:25
1:33:26,1,1:33:27
1:33:28,1,1:33:29
1:33:30,1,1:33:31
1:33:32,1,1:33:33
1:33:34,1,1:33:35
1:33:36,1,1:33:37
1:33:38,1,1:33:39
1:33:40,1,1:33:41
1:33:42,1,1:33:43
1:33:44,1,1:33:45
1:33:46,1,1:33:47
1:33:48,1,1:33:49
1:33:50,1,1:33:51
1:33:52,1,1:33:53
1:33:54,1,1:33:55
1:33:56,1,1:33:57
1:33:58,1,1:33:59
1:34:00,1,1:34:01
1:34:02,1,1:34:03
1:34:04,1,1:34:05
1:34:06,1,1:34:07
1:34:08,1,1:34:09
1:34:10,1,1:34:11
1:34:12,1,1:34:13
1:34:14,1,1:34:15
1:34:16,1,1:34:17
1:34:18,1,1:34:19
1:34:20,1,1:34:21
1:34:22,1,1:34:23
1:34:24,1,1:34:25
1:34:26,1,1:34:27
1:34:28,1,1:34:29
1:34:30,1,1:34:31
1:34:32,1,1:34:33
1:34:34,1,1:34:35
1:34:36,1,1:34:37
1:34:38,1,1:34:39
1:34:40,1,1:34:41
1:34:42,1,1:34:43
1:34:44,1,1:34:45
1:34:46,1,1:34:47
1:34:48,1,1:34:49
1:34:50,1,1:34:51
1:34:52,1,1:34:53
1:34:54,1,1:34:55
1:34:56,1,1:34:57
1:34:58,1,1:34:59
1:35:00,1,1:35:01
1:35:02,1,1:35:03
1:35:04,1,1:35:05
1:35:06,1,1:35:07
1:35:08,1,1:35:09
1:35:10,1,1:35:11
1:35:12,1,1:35:13
1:35:14,1,1:35:15
1:35:16,1,1:35:17
1:35:18,1,1:35:19
1:35:20,1,1:35:21
1:35:22,1,1:35:23
1:35:24,1,1:35:25
1:35:26,1,1:35:27
1:35:28,1,1:35:29
1:35:30,1,1:35:31
1:35:32,1,1:35:33
1:35:34,1,1:35:35
1:35:36,1,1:35:37
1:35:38,1,1:35:39
1:35:40,1,1:35:41
1:35:42,1,1:35:43
1:35:44,1,1:35:45
1:35:46,1,1:35:47
1:35:48,1,1:35:49
1:35:50,1,1:35:51
1:35:52,1,1:35:53
1:35:54,1,1:35:55
1:35:56,1,1:35:57
1:35:58,1,1:35:59
1:36:00,1,1:36:01
1:36:02,1,1:36:03
1:36:04,1,1:36:05
1:36:06,1,1:36:07
1:36:08,1,1:36:09
1:36:10,1,1:36:11
1:36:12,1,1:36:13
1:36:14,1,1:36:15
1:36:16,1,1:36:17
1:36:18,1,1:36:19
1:36:20,1,1:36:21
1:36:22,1,1:36:23
1:36:24,1,1:36:25
1:36:26,1,1:36:27
1:36:28,1,1:36:29
1:36:30,1,1:36:31
1:36:32,1,1:36:33
1:36:34,1,1:36:35
1:36:36,1,1:36:37
1:36:38,1,1:36:39
1:36:40,1,1:36:41
1:36:42,1,1:36:43
1:36:44,1,1:36:45
1:36:46,1,1:36:47
1:36:48,1,1:36:49
1:36:50,1,1:36:51
1:36:52,1,1:36:53
1:36:54,1,1:36:55
1:36:56,1,1:36:57
1:36:58,1,1:36:59
1:37:00,1,1:37:01
1:37:02,1,1:37:03
1:37:04,1,1:37:05
1:37:06,1,1:37:07
1:37:08,1,1:37:09
1:37:10,1,1:37:11
1:37:12,1,1:37:13
1:37:14,1,1:37:15
1:37:16,1,1:37:17
1:37:18,1,1:37:19
1:37:20,1,1:37:21
1:37:22,1,1:37:23
1:37:24,1,1:37:25
1:37:26,1,1:37:27
1:37:28,1,1:37:29
1:37:30,1,1:37:31
1:37:32,1,1:37:33
1:37:34,1,1:37:35
1:37:36,1,1:37:37
1:37:38,1,1:37:39
1:37:40,1,1:37:41
1:37:42,1,1:37:43
1:37:44,1,1:37:45
1:37:46,1,1:37:47
1:37:48,1,1:37:49
1:37:50,1,1:37:51
1:37:52,1,1:37:53
1:37:54,1,1:37:55
1:37:56,1,1:37:57
1:37:58,1,1:37:59
1:38:00,1,1:38:01
1:38:02,1,1:38:03
1:38:04,1,1:38:05
1:38:06,1,1:38:07
1:38:08,1,1:38:09
1:38:10,1,1:38:11
1:38:12,1,1:38:13
1:38:14,1,1:38:15
1:38:16,1,1:38:17
1:38:18,1,1:38:19
1:38:20,1,1:38:21
1:38:22,1,1:38:23
1:38:24,1,1:38:25
1:38:26,1,1:38:27
1:38:28,1,1:38:29
1:38:30,1,1:38:31
1:38:32,1,1:38:33
1:38:34,1,1:38:35
1:38:36,1,1:38:37
1:38:38,1,1:38:39
1:38:40,1,1:38:41
1:38:42,1,1:38:43
1:38:44,1,1:38:45
1:38:46,1,1:38:47
1:38:48,1,1:38:49
1:38:50,1,1:38:51
1:38:52,1,1:38:53
1:38:54,1,1:38:55
1:38:56,1,1:38:57
1:38:58,1,1:38:59
1:39:00,1,1:39:01
1:39:02,1,1:39:03
1:39:04,1,1:39:05
1:39:06,1,1:39:07
1:39:08,1,1:39:09
1:39:10,1,1:39:11
1:39:12,1,1:39:13
1:39:14,1,1:39:15
1:39:16,1,1:39:17
1:39:18,1,1:39:19
1:39:20,1,1:39:21
1:39:22,1,1:39:23
1:39:24,1,1:39:25
1:39:26,1,1:39:27
1:39:28,1,1:39:29
1:39:30,1,1:39:31
1:39:32,1,1:39:33
1:39:34,1,1:39:35
1:39:36,1,1:39:37
1:39:38,1,1:39:39
1:39:40,1,1:39:41
1:39:42,1,1:39:43
1:39:44,1,1:39:45
1:39:46,1,1:39:47
1:39:48,1,1:39:49
1:39:50,1,1:39:51
1:39:52,1,1:39:53
1:39:54,1,1:39:55
1:39:56,1,1:39:57
1:39:58,1,1:39:59
1:40:00,1,1:40:01
1:40:02,1,1:40:03
1:40:04,1,1:40:05
1:40:06,1,1:40:07
1:40:08,1,1:40:09
1:40:10,1,1:40:11
1:40:12,1,1:40:13
1:40:14,1,1:40:15
1:40:16,1,1:40:17
1:40:18,1,1:40:19
1:40:20,1,1:40:21
1:40:22,1,1:40:23
1:40:24,1,1:40:25
1:40:26,1,1:40:27
1:40:28,1,1:40:29
1:40:30,1,1:40:31
1:40:32,1,1:40:33
1:40:34,1,1:40:35
1:40:36,1,1:40:37
1:40:38,1,1:40:39
1:40:40,1,1:40:41
1:40:42,1,1:40:43
1:40:44,1,1:40:45
1:40:46,1,1:40:47
1:40:48,1,1:40:49
1:40:50,1,1:40:51
1:40:52,1,1:40:53
1:40:54,1,1:40:55
1:40:56,1,1:40:57
1:40:58,1,1:40:59
1:41:00,1,1:41:01
1:41:02,1,1:41:03
1:41:04,1,1:41:05
1:41:06,1,1:41:07
1:41:08,1,1:41:09
1:41:10,1,1:41:11
1:41:12,1,1:41:13
1:41:14,1,1:41:15
1:41:16,1,1:41:17
1:41:18,1,1:41:19
1:41:20,1,1:41:21
1:41:22,1,1:41:23
1:41:24,1,1:41:25
1:41:26,1,1:41:27
1:41:28,1,1:41:29
1:41:30,1,1:41:31
1:41:32,1,1:41:33
1:41:34,1,1:41:35
1:41:36,1,1:41:37
1:41:38,1,1:41:39
1:41:40,1,1:41:41
1:41:42,1,1:41:43
1:41:44,1,1:41:45
1:41:46,1,1:41:47
1:41:48,1,1:41:49
1:41:50,1,1:41:51
1:41:52,1,1:41:53
1:41:54,1,1:41:55
1:41:56,1,1:41:57
1:41:58,1,1:41:59
1:42:00,1,1:42:01
1:42:02,1,1:42:03
1:42:04,1,1:42:05
1:42:06,1,1:42:07
1:42:08,1,1:42:09
1:42:10,1,1:42:11
1:42:12,1,1:42:13
1:42:14,1,1:42:15
1:42:16,1,1:42:17
1:42:18,1,1:42:19
1:42:20,1,1:42:21
1:42:22,1,1:42:23
1:42:24,1,1:42:25
1:42:26,1,1:42:27
1:42:28,1,1:42:29
1:42:30,1,1:42:31
1:42:32,1,1:42:33
1:42:34,1,1:42:35
1:42:36,1,1:42:37
1:42:38,1,1:42:39
1:42:40,1,1:42:41
1:42:42,1,1:42:43
1:42:44,1,1:42:45
1:42:46,1,1:42:47
1:42:48,1,1:42:49
1:42:50,1,1:42:51
1:42:52,1,1:42:53
1:42:54,1,1:42:55
1:42:56,1,1:42:57
1:42:58,1,1:42:59
1:43:00,1,1:43:01
1:43:02,1,1:43:03
1:43:04,1,1:43:05
1:43:06,1,1:43:07
1:43:08,1,1:43:09
1:43:10,1,1:43:11
1:43:12,1,1:43:13
1:43:14,1,1:43:15
1:43:16,1,1:43:17
1:43:18,1,1:43:19
1:43:20,1,1:43:21
1:43:22,1,1:43:23
1:43:24,1,1:43:25
1:43:26,1,1:43:27
1:43:28,1,1:43:29
1:43:30,1,1:43:31
1:43:32,1,1:43:33
1:43:34,1,1:43:35
1:43:36,1,1:43:37
1:43:38,1,1:43:39
1:43:40,1,1:43:41
1:43:42,1,1:43:43
1:43:44,1,1:43:45
1:43:46,1,1:43:47
1:43:48,1,1:43:49
1:43:50,1,1:43:51
1:43:52,1,1:43:53
1:43:54,1,1:43:55
1:43:56,1,1:43:57
1:43:58,1,1:43:59
1:44:00,1,1:44:01
1:44:02,1,1:44:03
1:44:04,1,1:44:05
1:44:06,1,1:44:07
1:44:08,1,1:44:09
1:44:10,1,1:44:11
1:44:12,1,1:44:13
1:44:14,1,1:44:15
1:44:16,1,1:44:17
1:44:18,1,1:44:19
1:44:20,1,1:44:21
1:44:22,1,1:44:23
1:44:24,1,1:44:25
1:44:26,1,1:44:27
1:44:28,1,1:44:29
1:44:30,1,1:44:31
1:44:32,1,1:44:33
1:44:34,1,1:44:35
1:44:36,1,1:44:37
1:44:38,1,1:44:39
1:44:40,1,1:44:41
1:44:42,1,1:44:43
1:44:44,1,1:44:45
1:44:46,1,1:44:47
1:44:48,1,1:44:49
1:44:50,1,1:44:51
1:44:52,1,1:44:53
1:44:54,1,1:44:55
1:44:56,1,1:44:57
1:44:58,1,1:44:59
1:45:00,1,1:45:01
1:45:02,1,1:45:03
1:45:04,1,1:45:05
1:45:06,1,1:45:07
1:45:08,1,1:45:09
1:45:10,1,1:45:11
1:45:12,1,1:45:13
1:45:14,1,1:45:15
1:45:16,1,1:45:17
1:45:18,1,1:45:19
1:45:20,1,1:45:21
1:45:22,1,1:45:23
1:45:24,1,1:45:25
1:45:26,1,1:45:27
1:45:28,1,1:45:29
1:45:30,1,1:45:31
1:45:32,1,1:45:33
1:45:34,1,1:45:35
1:45:36,1,1:45:37
1:45:38,1,1:45:39
1:45:40,1,1:45:41
1:45:42,1,1:45:43
1:45:44,1,1:45:45
1:45:46,1,1:45:47
1:45:48,1,1:45:49
1:45:50,1,1:45:51
1:45:52,1,1:45:53
1:45:54,1,1:45:55
1:45:56,1,1:45:57
1:45:58,1,1:45:59
1:46:00,1,1:46:01
1:46:02,1,1:46:03
1:46:04,1,1:46:05
1:46:06,1,1:46:07
1:46:08,1,1:46:09
1:46:10,1,1:46:11
1:46:12,1,1:46:13
1:46:14,1,1:46:15
1:46:16,1,1:46:17
1:46:18,1,1:46:19
1:46:20,1,1:46:21
1:46:22,1,1:46:23
1:46:24,1,1:46:25
1:46:26,1,1:46:27
1:46:28,1,1:46:29
1:46:30,1,1:46:31
1:46:32,1,1:46:33
1:46:34,1,1:46:35
1:46:36,1,1:46:37
1:46:38,1,1:46:39
1:46:40,1,1:46:41
1:46:42,1,1:46:43
1:46:44,1,1:46:45
1:46:46,1,1:46:47
1:46:48,1,1:46:49
1:46:50,1,1:46:51
1:46:52,1,1:46:53
1:46:54,1,1:46:55
1:46:56,1,1:46:57
1:46:58,1,1:46:59
1:47:00,1,1:47:01
1:47:02,1,1:47:03
1:47:04,1,1:47:05
1:47:06,1,1:47:07
1:47:08,1,1:47:09
1:47:10,1,1:47:11
1:47:12,1,1:47:13
1:47:14,1,1:47:15
1:47:16,1,1:47:17
1:47:18,1,1:47:19
1:47:20,1,1:47:21
1:47:22,1,1:47:23
1:47:24,1,1:47:25
1:47:26,1,1:47:27
1:47:28,1,1:47:29
1:47:30,1,1:47:31
1:47:32,1,1:47:33
1:47:34,1,1:47:35
1:47:36,1,1:47:37
1:47:38,1,1:47:39
1:47:40,1,1:47:41
1:47:42,1,1:47:43
1:47:44,1,1:47:45
1:47:46,1,1:47:47
1:47:48,1,1:47:49
1:47:50,1,1:47:51
1:47:52,1,1:47:53
1:47:54,1,1:47:55
1:47:56,1,1:47:57
1:47:58,1,1:47:59
1:48:00,1,1:48:01
1:48:02,1,1:48:03
1:48:04,1,1:48:05
1:48:06,1,1:48:07
1:48:08,1,1:48:09
1:48:10,1,1:48:11
1:48:12,1,1:48:13
1:48:14,1,1:48:15
1:48:16,1,1:48:17
1:48:18,1,1:48:19
1:48:20,1,1:48:21
1:48:22,1,1:48:23
1:48:24,1,1:48:25
1:48:26,1,1:48:27
1:48:28,1,1:48:29
1:48:30,1,1:48:31
1:48:32,1,1:48:33
1:48:34,1,1:48:35
1:48:36,1,1:48:37
1:48:38,1,1:48:39
1:48:40,1,1:48:41
1:48:42,1,1:48:43
1:48:44,1,1:48:45
1:48:46,1,1:48:47
1:48:48,1,1:48:49
1:48:50,1,1:48:51
1:48:52,1,1:48:53
1:48:54,1,1:48:55
1:48:56,1,1:48:57
1:48:58,1,1:48:59
1:49:00,1,1:49:01
1:49:02,1,1:49:03
1:49:04,1,1:49:05
1:49:06,1,1:49:07
1:49:08,1,1:49:09
1:49:10,1,1:49:11
1:49:12,1,1:49:13
1:49:14,1,1:49:15
1:49:16,1,1:49:17
1:49:18,1,1:49:19
1:49:20,1,1:49:21
1:49:22,1,1:49:23
1:49:24,1,1:49:25
1:49:26,1,1:49:27
1:49:28,1,1:49:29
1:49:30,1,1:49:31
1:49:32,1,1:49:33
1:49:34,1,1:49:35
1:49:36,1,1:49:37
1:49:38,1,1:49:39
1:49:40,1,1:49:41
1:49:42,1,1:49:43
1:49:44,1,1:49:45
1:49:46,1,1:49:47
1:49:48,1,1:49:49
1:49:50,1,1:49:51
1:49:52,1,1:49:53
1:49:54,1,1:49:55
1:49:56,1,1:49:57
1:49:58,1,1:49:59
1:50:00,1,1:50:01
1:50:02,1,1:50:03
1:50:04,1,1:50:05
1:50:06,1,1:50:07
1:50:08,1,1:50:09
1:50:10,1,1:50:11
1:50:12,1,1:50:13
1:50:14,1,1:50:15
1:50:16,1,1:50:17
1:50:18,1,1:50:19
1:50:20,1,1:50:21
1:50:22,1,1:50:23
1:50:24,1,1:50:25
1:50:26,1,1:50:27
1:50:28,1,1:50:29
1:50:30,1,1:50:31
1:50:32,1,1:50:33
1:50:34,1,1:50:35
1:50:36,1,1:50:37
1:50:38,1,1:50:39
1:50:40,1,1:50:41
1:50:42,1,1:50:43
1:50:44,1,1:50:45
1:50:46,1,1:50:47
1:50:48,1,1:50:49
1:50:50,1,1:50:51
1:50:52,1,1:50:53
1:50:54,1,1:50:55
1:50:56,1,1:50:57
1:50:58,1,1:50:59
1:51:00,1,1:51:01
1:51:02,1,1:51:03
1:51:04,1,1:51:05
1:51:06,1,1:51:07
1:51:08,1,1:51:09
1:51:10,1,1:51:11
1:51:12,1,1:51:13
1:51:14,1,1:51:15
1:51:16,1,1:51:17
1:51:18,1,1:51:19
1:51:20,1,1:51:21
1:51:22,1,1:51:23
1:51:24,1,1:51:25
1:51:26,1,1:51:27
1:51:28,1,1:51:29
1:51:30,1,1:51:31
1:51:32,1,1:51:33
1:51:34,1,1:51:35
1:51:36,1,1:51:37
1:51:38,1,1:51:39
1:51:40,1,1:51:41
1:51:42,1,1:51:43
1:51:44,1,1:51:45
1:51:46,1,1:51:47
1:51:48,1,1:51:49
1:51:50,1,1:51:51
1:51:52,1,1:51:53
1:51:54,1,1:51:55
1:51:56,1,1:51:57
1:51:58,1,1:51:59
1:52:00,1,1:52:01
1:52:02,1,1:52:03
1:52:04,1,1:52:05
1:52:06,1,1:52:07
1:52:08,1,1:52:09
1:52:10,1,1:52:11
1:52:12,1,1:52:13
1:52:14,1,1:52:15
1:52:16,1,1:52:17
1:52:18,1,1:52:19
1:52:20,1,1:52:21
1:52:22,1,1:52:23
1:52:24,1,1:52:25
1:52:26,1,1:52:27
1:52:28,1,1:52:29
1:52:30,1,1:52:31
1:52:32,1,1:52:33
1:52:34,1,1:52:35
1:52:36,1,1:52:37
1:52:38,1,1:52:39
1:52:40,1,1:52:41
1:52:42,1,1:52:43
1:52:44,1,1:52:45
1:52:46,1,1:52:47
1:52:48,1,1:52:49
1:52:50,1,1:52:51
1:52:52,1,1:52:53
1:52:54,1,1:52:55
1:52:56,1,1:52:57
1:52:58,1,1:52:59
1:53:00,1,1:53:01
1:53:02,1,1:53:03
1:53:04,1,1:53:05
1:53:06,1,1:53:07
1:53:08,1,1:53:09
1:53:10,1,1:53:11
1:53:12,1,1:53:13
1:53:14,1,1:53:15
1:53:16,1,1:53:17
1:53:18,1,1:53:19
1:53:20,1,1:53:21
1:53:22,1,1:53:23
1:53:24,1,1:53:25
1:53:26,1,1:53:27
1:53:28,1,1:53:29
1:53:30,1,1:53:31
1:53:32,1,1:53:33
1:53:34,1,1:53:35
1:53:36,1,1:53:37
1:53:38,1,1:53:39
1:53:40,1,1:53:41
1:53:42,1,1:53:43
1:53:44,1,1:53:45
1:53:46,1,1:53:47
1:53:48,1,1:53:49
1:53:50,1,1:53:51
1:53:52,1,1:53:53
1:53:54,1,1:53:55
1:53:56,1,1:53:57
1:53:58,1,1:53:59
1:54:00,1,1:54:01
1:54:02,1,1:54:03
1:54:04,1,1:54:05
1:54:06,1,1:54:07
1:54:08,1,1:54:09
1:54:10,1,1:54:11
1:54:12,1,1:54:13
1:54:14,1,1:54:15
1:54:16,1,1:54:17
1:54:18,1,1:54:19
1:54:20,1,1:54:21
1:54:22,1,1:54:23
1:54:24,1,1:54:25
1:54:26,1,1:54:27
1:54:28,1,1:54:29
1:54:30,1,1:54:31
1:54:32,1,1:54:33
1:54:34,1,1:54:35
1:54:36,1,1:54:37
1:54:38,1,1:54:39
1:54:40,1,1:54:41
1:54:42,1,1:54:43
1:54:44,1,1:54:45
1:54:46,1,1:54:47
1:54:48,1,1:54:49
1:54:50,1,1:54:51
1:54:52,1,1:54:53
1:54:54,1,1:54:55
1:54:56,1,1:54:57
1:54:58,1,1:54:59
1:55:00,1,1:55:01
1:55:02,1,1:55:03
1:55:04,1,1:55:05
1:55:06,1,1:55:07
1:55:08,1,1:55:09
1:55:10,1,1:55:11
1:55:12,1,1:55:13
1:55:14,1,1:55:15
1:55:16,1,1:55:17
1:55:18,1,1:55:19
1:55:20,1,1:55:21
1:55:22,1,1:55:23
1:55:24,1,1:55:25
1:55:26,1,1:55:27
1:55:28,1,1:55:29
1:55:30,1,1:55:31
1:55:32,1,1:55:33
1:55:34,1,1:55:35
1:55:36,1,1:55:37
1:55:38,1,1:55:39
1:55:40,1,1:55:41
1:55:42,1,1:55:43
1:55:44,1,1:55:45
1:55:46,1,1:55:47
1:55:48,1,1:55:49
1:55:50,1,1:55:51
1:55:52,1,1:55:53
1:55:54,1,1:55:55
1:55:56,1,1:55:57
1:55:58,1,1:55:59
1:56:00,1,1:56:01
1:56:02,1,1:56:03
1:56:04,1,1:56:05
1:56:06,1,1:56:07
1:56:08,1,1:56:09
1:56:10,1,1:56:11
1:56:12,1,1:56:13
1:56:14,1,1:56:15
1:56:16,1,1:56:17
1:56:18,1,1:56:19
1:56:20,1,1:56:21
1:56:22,1,1:56:23
1:56:24,1,1:56:25
1:56:26,1,1:56:27
1:56:28,1,1:56:29
1:56:30,1,1:56:31
1:56:32,1,1:56:33
1:56:34,1,1:56:35
1:56:36,1,1:56:37
1:56:38,1,1:56:39
1:56:40,1,1:56:41
1:56:42,1,1:56:43
1:56:44,1,1:56:45
1:56:46,1,1:56:47
1:56:48,1,1:56:49
1:56:50,1,1:56:51
1:56:52,1,1:56:53
1:56:54,1,1:56:55
1:56:56,1,1:56:57
1:56:58,1,1:56:59
1:57:00,1,1:57:01
1:57:02,1,1:57:03
1:57:04,1,1:57:05
1:57:06,1,1:57:07
1:57:08,1,1:57:09
1:57:10,1,1:57:11
1:57:12,1,1:57:13
1:57:14,1,1:57:15
1:57:16,1,1:57:17
1:57:18,1,1:57:19
1:57:20,1,1:57:21
1:57:22,1,1:57:23
1:57:24,1,1:57:25
1:57:26,1,1:57:27
1:57:28,1,1:57:29
1:57:30,1,1:57:31
1:57:32,1,1:57:33
1:57:34,1,1:57:35
1:57:36,1,1:57:37
1:57:38,1,1:57:39
1:57:40,1,1:57:41
1:57:42,1,1:57:43
1:57:44,1,1:57:45
1:57:46,1,1:57:47
1:57:48,1,1:57:49
1:57:50,1,1:57:51
1:57:52,1,1:57:53
1:57:54,1,1:57:55
1:57:56,1,1:57:57
1:57:58,1,1:57:59
1:58:00,1,1:58:01
1:58:02,1,1:58:03
1:58:04,1,1:58:05
1:58:06,1,1:58:07
1:58:08,1,1:58:09
1:58:10,1,1:58:11
1:58:12,1,1:58:13
1:58:14,1,1:58:15
1:58:16,1,1:58:17
1:58:18,1,1:58:19
1:58:20,1,1:58:21
1:58:22,1,1:58:23
1:58:24,1,1:58:25
1:58:26,1,1:58:27
1:58:28,1,1:58:29
1:58:30,1,1:58:31
1:58:32,1,1:58:33
1:58:34,1,1:58:35
1:58:36,1,1:58:37
1:58:38,1,1:58:39
1:58:40,1,1:58:41
1:58:42,1,1:58:43
1:58:44,1,1:58:45
1:58:46,1,1:58:47
1:58:48,1,1:58:49
1:58:50,1,1:58:51
1:58:52,1,1:58:53
1:58:54,1,1:58:55
1:58:56,1,1:58:57
1:58:58,1,1:58:59
1:59:00,1,1:59:01
1:59:02,1,1:59:03
1:59:04,1,1:59:05
1:59:06,1,1:59:07
1:59:08,1,1:59:09
1:59:10,1,1:59:11
1:59:12,1,1:59:13
1:59:14,1,1:59:15
1:59:16,1,1:59:17
1:59:18,1,1:59:19
1:59:20,1,1:59:21
1:59:22,1,1:59:23
1:59:24,1,1:59:25
1:59:26,1,1:59:27
1:59:28,1,1:59:29
1:59:30,1,1:59:31
1:59:32,1,1:59:33
1:59:34,1,1:59:35
1:59:36,1,1:59:37
1:59:38,1,1:59:39
1:59:40,1,1:59:41
1:59:42,1,1:59:43
1:59:44,1,1:59:45
1:59:46,1,1:59:47
1:59:48,1,1:59:49
1:59:50,1,1:59:51
1:59:52,1,1:59:53
1:59:54,1,1:59:55
1:59:56,1,1:59:57
1:59:58,1,1:59:59
2:00:00,1,2:00:01
2:00:02,1,2:00:03
2:00:04,1,2:00:05
2:00:06,1,2:00:07
2:00:08,1,2:00:09
2:00:10,1,2:00:11
2:00:12,1,2:00:13
2:00:14,1,2:00:15
2:00:16,1,2:00:17
2:00:18,1,2:00:19
2:00:20,1,2:00:21
2:00:22,1,2:00:23
2:00:24,1,2:00:25
2:00:26,1,2:00:27
2:00:28,1,2:00:29
2:00:30,1,2:00:31
2:00:32,1,2:00:33
2:00:34,1,2:00:35
2:00:36,1,2:00:37
2:00:38,1,2:00:39
2:00:40,1,2:00:41
2:00:42,1,2:00:43
2:00:44,1,2:00:45
2:00:46,1,2:00:47
2:00:48,1,2:00:49
2:00:50,1,2:00:51
2:00:52,1,2:00:53
2:00:54,1,2:00:55
2:00:56,1,2:00:57
2:00:58,1,2:00:59
2:01:00,1,2:01:01
2:01:02,1,2:01:03
2:01:04,1,2:01:05
2:01:06,1,2:01:07
2:01:08,1,2:01:09
2:01:10,1,2:01:11
2:01:12,1,2:01:13
2:01:14,1,2:01:15
2:01:16,1,2:01:17
2:01:18,1,2:01:19
2:01:20,1,2:01:21
2:01:22,1,2:01:23
2:01:24,1,2:01:25
2:01:26,1,2:01:27
2:01:28,1,2:01:29
2:01:30,1,2:01:31
2:01:32,1,2:01:33
2:01:34,1,2:01:35
2:01:36,1,2:01:37
2:01:38,1,2:01:39
2:01:40,1,2:01:41
2:01:42,1,2:01:43
2:01:44,1,2:01:45
2:01:46,1,2:01:47
2:01:48,1,2:01:49
2:01:50,1,2:01:51
2:01:52,1,2:01:53
2:01:54,1,2:01:55
2:01:56,1,2:01:57
2:01:58,1,2:01:59
2:02:00,1,2:02:01
2:02:02,1,2:02:03
2:02:04,1,2:02:05
2:02:06,1,2:02:07
2:02:08,1,2:02:09
2:02:10,1,2:02:11
2:02:12,1,2:02:13
2:02:14,1,2:02:15
2:02:16,1,2:02:17
2:02:18,1,2:02:19
2:02:20,1,2:02:21
2:02:22,1,2:02:23
2:02:24,1,2:02:25
2:02:26,1,2:02:27
2:02:28,1,2:02:29
2:02:30,1,2:02:31
2:02:32,1,2:02:33
2:02:34,1,2:02:35
2:02:36,1,2:02:37
2:02:38,1,2:02:39
2:02:40,1,2:02:41
2:02:42,1,2:02:43
2:02:44,1,2:02:45
2:02:46,1,2:02:47
2:02:48,1,2:02:49
2:02:50,1,2:02:51
2:02:52,1,2:02:53
2:02:54,1,2:02:55
2:02:56,1,2:02:57
2:02:58,1,2:02:59
2:03:00,1,2:03:01
2:03:02,1,2:03:03
2:03:04,1,2:03:05
2:03:06,1,2:03:07
2:03:08,1,2:03:09
2:03:10,1,2:03:11
2:03:12,1,2:03:13
2:03:14,1,2:03:15
2:03:16,1,2:03:17
2:03:18,1,2:03:19
2:03:20,1,2:03:21
2:03:22,1,2:03:23
2:03:24,1,2:03:25
2:03:26,1,2:03:27
2:03:28,1,2:03:29
2:03:30,1,2:03:31
2:03:32,1,2:03:33
2:03:34,1,2:03:35
2:03:36,1,2:03:37
2:03:38,1,2:03:39
2:03:40,1,2:03:41
2:03:42,1,2:03:43
2:03:44,1,2:03:45
2:03:46,1,2:03:47
2:03:48,1,2:03:49
2:03:50,1,2:03:51
2:03:52,1,2:03:53
2:03:54,1,2:03:55
2:03:56,1,2:03:57
2:03:58,1,2:03:59
2:04:00,1,2:04:01
2:04:02,1,2:04:03
2:04:04,1,2:04:05
2:04:06,1,2:04:07
2:04:08,1,2:04:09
2:04:10,1,2:04:11
2:04:12,1,2:04:13
2:04:14,1,2:04:15
2:04:16,1,2:04:17
2:04:18,1,2:04:19
2:04:20,1,2:04:21
2:04:22,1,2:04:23
2:04:24,1,2:04:25
2:04:26,1,2:04:27
2:04:28,1,2:04:29
2:04:30,1,2:04:31
2:04:32,1,2:04:33
2:04:34,1,2:04:35
2:04:36,1,2:04:37
2:04:38,1,2:04:39
2:04:40,1,2:04:41
2:04:42,1,2:04:43
2:04:44,1,2:04:45
2:04:46,1,2:04:47
2:04:48,1,2:04:49
2:04:50,1,2:04:51
2:04:52,1,2:04:53
2:04:54,1,2:04:55
2:04:56,1,2:04:57
2:04:58,1,2:04:59
2:05:00,1,2:05:01
2:05:02,1,2:05:03
2:05:04,1,2:05:05
2:05:06,1,2:05:07
2:05:08,1,2:05:09
2:05:10,1,2:05:11
2:05:12,1,2:05:13
2:05:14,1,2:05:15
2:05:16,1,2:05:17
2:05:18,1,2:05:19
2:05:20,1,2:05:21
2:05:22,1,2:05:23
2:05:24,1,2:05:25
2:05:26,1,2:05:27
2:05:28,1,2:05:29
2:05:30,1,2:05:31
2:05:32,1,2:05:33
2:05:34,1,2:05:35
2:05:36,1,2:05:37
2:05:38,1,2:05:39
2:05:40,1,2:05:41
2:05:42,1,2:05:43
2:05:44,1,2:05:45
2:05:46,1,2:05:47
2:05:48,1,2:05:49
2:05:50,1,2:05:51
2:05:52,1,2:05:53
2:05:54,1,2:05:55
2:05:56,1,2:05:57
2:05:58,1,2:05:59
2:06:00,1,2:06:01
2:06:02,1,2:06:03
2:06:04,1,2:06:05
2:06:06,1,2:06:07
2:06:08,1,2:06:09
2:06:10,1,2:06:11
2:06:12,1,2:06:13
2:06:14,1,2:06:15
2:06:16,1,2:06:17
2:06:18,1,2:06:19
2:06:20,1,2:06:21
2:06:22,1,2:06:23
2:06:24,1,2:06:25
2:06:26,1,2:06:27
2:06:28,1,2:06:29
2:06:30,1,2:06:31
2:06:32,1,2:06:33
2:06:34,1,2:06:35
2:06:36,1,2:06:37
2:06:38,1,2:06:39
2:06:40,1,2:06:41
2:06:42,1,2:06:43
2:06:44,1,2:06:45
2:06:46,1,2:06:47
2:06:48,1,2:06:49
2:06:50,1,2:06:51
2:06:52,1,2:06:53
2:06:54,1,2:06:55
2:06:56,1,2:06:57
2:06:58,1,2:06:59
2:07:00,1,2:07:01
2:07:02,1,2:07:03
2:07:04,1,2:07:05
2:07:06,1,2:07:07
2:07:08,1,2:07:09
2:07:10,1,2:07:11
2:07:12,1,2:07:13
2:07:14,1,2:07:15
2:07:16,1,2:07:17
2:07:18,1,2:07:19
2:07:20,1,2:07:21
2:07:22,1,2:07:23
2:07:24,1,2:07:25
2:07:26,1,2:07:27
2:07:28,1,2:07:29
2:07:30,1,2:07:31
2:07:32,1,2:07:33
2:07:34,1,2:07:35
2:07:36,1,2:07:37
2:07:38,1,2:07:39
2:07:40,1,2:07:41
2:07:42,1,2:07:43
2:07:44,1,2:07:45
2:07:46,1,2:07:47
2:07:48,1,2:07:49
2:07:50,1,2:07:51
2:07:52,1,2:07:53
2:07:54,1,2:07:55
2:07:56,1,2:07:57
2:07:58,1,2:07:59
2:08:00,1,2:08:01
2:08:02,1,2:08:03
2:08:04,1,2:08:05
2:08:06,1,2:08:07
2:08:08,1,2:08:09
2:08:10,1,2:08:11
2:08:12,1,2:08:13
2:08:14,1,2:08:15
2:08:16,1,2:08:17
2:08:18,1,2:08:19
2:08:20,1,2:08:21
2:08:22,1,2:08:23
2:08:24,1,2:08:25
2:08:26,1,2:08:27
2:08:28,1,2:08:29
2:08:30,1,2:08:31
2:08:32,1,2:08:33
2:08:34,1,2:08:35
2:08:36,1,2:08:37
2:08:38,1,2:08:39
2:08:40,1,2:08:41
2:08:42,1,2:08:43
2:08:44,1,2:08:45
2:08:46,1,2:08:47
2:08:48,1,2:08:49
2:08:50,1,2:08:51
2:08:52,1,2:08:53
2:08:54,1,2:08:55
2:08:56,1,2:08:57
2:08:58,1,2:08:59
2:09:00,1,2:09:01
2:09:02,1,2:09:03
2:09:04,1,2:09:05
2:09:06,1,2:09:07
2:09:08,1,2:09:09
2:09:10,1,2:09:11
2:09:12,1,2:09:13
2:09:14,1,2:09:15
2:09:16,1,2:09:17
2:09:18,1,2:09:19
2:09:20,1,2:09:21
2:09:22,1,2:09:23
2:09:24,1,2:09:25
2:09:26,1,2:09:27
2:09:28,1,2:09:29
2:09:30,1,2:09:31
2:09:32,1,2:09:33
2:09:34,1,2:09:35
2:09:36,1,2:09:37
2:09:38,1,2:09:39
2:09:40,1,2:09:41
2:09:42,1,2:09:43
2:09:44,1,2:09:45
2:09:46,1,2:09:47
2:09:48,1,2:09:49
2:09:50,1,2:09:51
2:09:52,1,2:09:53
2:09:54,1,2:09:55
2:09:56,1,2:09:57
2:09:58,1,2:09:59
2:10:00,1,2:10:01
2:10:02,1,2:10:03
2:10:04,1,2:10:05
2:10:06,1,2:10:07
2:10:08,1,2:10:09
2:10:10,1,2:10:11
2:10:12,1,2:10:13
2:10:14,1,2:10:15
2:10:16,1,2:10:17
2:10:18,1,2:10:19
2:10:20,1,2:10:21
2:10:22,1,2:10:23
2:10:24,1,2:10:25
2:10:26,1,2:10:27
2:10:28,1,2:10:29
2:10:30,1,2:10:31
2:10:32,1,2:10:33
2:10:34,1,2:10:35
2:10:36,1,2:10:37
2:10:38,1,2:10:39
2:10:40,1,2:10:41
2:10:42,1,2:10:43
2:10:44,1,2:10:45
2:10:46,1,2:10:47
2:10:48,1,2:10:49
2:10:50,1,2:10:51
2:10:52,1,2:10:53
2:10:54,1,2:10:55
2:10:56,1,2:10:57
2:10:58,1,2:10:59
2:11:00,1,2:11:01
2:11:02,1,2:11:03
2:11:04,1,2:11:05
2:11:06,1,2:11:07
2:11:08,1,2:11:09
2:11:10,1,2:11:11
2:11:12,1,2:11:13
2:11:14,1,2:11:15
2:11:16,1,2:11:17
2:11:18,1,2:11:19
2:11:20,1,2:11:21
2:11:22,1,2:11:23
2:11:24,1,2:11:25
2:11:26,1,2:11:27
2:11:28,1,2:11:29
2:11:30,1,2:11:31
2:11:32,1,2:11:33
2:11:34,1,2:11:35
2:11:36,1,2:11:37
2:11:38,1,2:11:39
2:11:40,1,2:11:41
2:11:42,1,2:11:43
2:11:44,1,2:11:45
2:11:46,1,2:11:47
2:11:48,1,2:11:49
2:11:50,1,2:11:51
2:11:52,1,2:11:53
2:11:54,1,2:11:55
2:11:56,1,2:11:57
2:11:58,1,2:11:59
2:12:00,1,2:12:01
2:12:02,1,2:12:03
2:12:04,1,2:12:05
2:12:06,1,2:12:07
2:12:08,1,2:12:09
2:12:10,1,2:12:11
2:12:12,1,2:12:13
2:12:14,1,2:12:15
2:12:16,1,2:12:17
2:12:18,1,2:12:19
2:12:20,1,2:12:21
2:12:22,1,2:12:23
2:12:24,1,2:12:25
2:12:26,1,2:12:27
2:12:28,1,2:12:29
2:12:30,1,2:12:31
2:12:32,1,2:12:33
2:12:34,1,2:12:35
2:12:36,1,2:12:37
2:12:38,1,2:12:39
2:12:40,1,2:12:41
2:12:42,1,2:12:43
2:12:44,1,2:12:45
2:12:46,1,2:12:47
2:12:48,1,2:12:49
2:12:50,1,2:12:51
2:12:52,1,2:12:53
2:12:54,1,2:12:55
2:12:56,1,2:12:57
2:12:58,1,2:12:59
2:13:00,1,2:13:01
2:13:02,1,2:13:03
2:13:04,1,2:13:05
2:13:06,1,2:13:07
2:13:08,1,2:13:09
2:13:10,1,2:13:11
2:13:12,1,2:13:13
2:13:14,1,2:13:15
2:13:16,1,2:13:17
2:13:18,1,2:13:19
2:13:20,1,2:13:21
2:13:22,1,2:13:23
2:13:24,1,2:13:25
2:13:26,1,2:13:27
2:13:28,1,2:13:29
2:13:30,1,2:13:31
2:13:32,1,2:13:33
2:13:34,1,2:13:35
2:13:36,1,2:13:37
2:13:38,1,2:13:39
2:13:40,1,2:13:41
2:13:42,1,2:13:43
2:13:44,1,2:13:45
2:13:46,1,2:13:47
2:13:48,1,2:13:49
2:13:50,1,2:13:51
2:13:52,1,2:13:53
2:13:54,1,2:13:55
2:13:56,1,2:13:57
2:13:58,1,2:13:59
2:14:00,1,2:14:01
2:14:02,1,2:14:03
2:14:04,1,2:14:05
2:14:06,1,2:14:07
2:14:08,1,2:14:09
2:14:10,1,2:14:11
2:14:12,1,2:14:13
2:14:14,1,2:14:15
2:14:16,1,2:14:17
2:14:18,1,2:14:19
2:14:20,1,2:14:21
2:14:22,1,2:14:23
2:14:24,1,2:14:25
2:14:26,1,2:14:27
2:14:28,1,2:14:29
2:14:30,1,2:14:31
2:14:32,1,2:14:33
2:14:34,1,2:14:35
2:14:36,1,2:14:37
2:14:38,1,2:14:39
2:14:40,1,2:14:41
2:14:42,1,2:14:43
2:14:44,1,2:14:45
2:14:46,1,2:14:47
2:14:48,1,2:14:49
2:14:50,1,2:14:51
2:14:52,1,2:14:53
2:14:54,1,2:14:55
2:14:56,1,2:14:57
2:14:58,1,2:14:59
2:15:00,1,2:15:01
2:15:02,1,2:15:03
2:15:04,1,2:15:05
2:15:06,1,2:15:07
2:15:08,1,2:15:09
2:15:10,1,2:15:11
2:15:12,1,2:15:13
2:15:14,1,2:15:15
2:15:16,1,2:15:17
2:15:18,1,2:15:19
2:15:20,1,2:15:21
2:15:22,1,2:15:23
2:15:24,1,2:15:25
2:15:26,1,2:15:27
2:15:28,1,2:15:29
2:15:30,1,2:15:31
2:15:32,1,2:15:33
2:15:34,1,2:15:35
2:15:36,1,2:15:37
2:15:38,1,2:15:39
2:15:40,1,2:15:41
2:15:42,1,2:15:43
2:15:44,1,2:15:45
2:15:46,1,2:15:47
2:15:48,1,2:15:49
2:15:50,1,2:15:51
2:15:52,1,2:15:53
2:15:54,1,2:15:55
2:15:56,1,2:15:57
2:15:58,1,2:15:59
2:16:00,1,2:16:01
2:16:02,1,2:16:03
2:16:04,1,2:16:05
2:16:06,1,2:16:07
2:16:08,1,2:16:09
2:16:10,1,2:16:11
2:16:12,1,2:16:13
2:16:14,1,2:16:15
2:16:16,1,2:16:17
2:16:18,1,2:16:19
2:16:20,1,2:16:21
2:16:22,1,2:16:23
2:16:24,1,2:16:25
2:16:26,1,2:16:27
2:16:28,1,2:16:29
2:16:30,1,2:16:31
2:16:32,1,2:16:33
2:16:34,1,2:16:35
2:16:36,1,2:16:37
2:16:38,1,2:16:39
2:16:40,1,2:16:41
2:16:42,1,2:16:43
2:16:44,1,2:16:45
2:16:46,1,2:16:47
2:16:48,1,2:16:49
2:16:50,1,2:16:51
2:16:52,1,2:16:53
2:16:54,1,2:16:55
2:16:56,1,2:16:57
2:16:58,1,2:16:59
2:17:00,1,2:17:01
2:17:02,1,2:17:03
2:17:04,1,2:17:05
2:17:06,1,2:17:07
2:17:08,1,2:17:09
2:17:10,1,2:17:11
2:17:12,1,2:17:13
2:17:14,1,2:17:15
2:17:16,1,2:17:17
2:17:18,1,2:17:19
2:17:20,1,2:17:21
2:17:22,1,2:17:23
2:17:24,1,2:17:25
2:17:26,1,2:17:27
2:17:28,1,2:17:29
2:17:30,1,2:17:31
2:17:32,1,2:17:33
2:17:34,1,2:17:35
2:17:36,1,2:17:37
2:17:38,1,2:17:39
2:17:40,1,2:17:41
2:17:42,1,2:17:43
2:17:44,1,2:17:45
2:17:46,1,2:17:47
2:17:48,1,2:17:49
2:17:50,1,2:17:51
2:17:52,1,2:17:53
2:17:54,1,2:17:55
2:17:56,1,2:17:57
2:17:58,1,2:17:59
2:18:00,1,2:18:01
2:18:02,1,2:18:03
2:18:04,1,2:18:05
2:18:06,1,2:18:07
2:18:08,1,2:18:09
2:18:10,1,2:18:11
2:18:12,1,2:18:13
2:18:14,1,2:18:15
2:18:16,1,2:18:17
2:18:18,1,2:18:19
2:18:20,1,2:18:21
2:18:22,1,2:18:23
2:18:24,1,2:18:25
2:18:26,1,2:18:27
2:18:28,1,2:18:29
2:18:30,1,2:18:31
2:18:32,1,2:18:33
2:18:34,1,2:18:35
2:18:36,1,2:18:37
2:18:38,1,2:18:39
2:18:40,1,2:18:41
2:18:42,1,2:18:43
2:18:44,1,2:18:45
2:18:46,1,2:18:47
2:18:48,1,2:18:49
2:18:50,1,2:18:51
2:18:52,1,2:18:53
2:18:54,1,2:18:55
2:18:56,1,2:18:57
2:18:58,1,2:18:59
2:19:00,1,2:19:01
2:19:02,1,2:19:03
2:19:04,1,2:19:05
2:19:06,1,2:19:07
2:19:08,1,2:19:09
2:19:10,1,2:19:11
2:19:12,1,2:19:13
2:19:14,1,2:19:15
2:19:16,1,2:19:17
2:19:18,1,2:19:19
2:19:20,1,2:19:21
2:19:22,1,2:19:23
2:19:24,1,2:19:25
2:19:26,1,2:19:27
2:19:28,1,2:19:29
2:19:30,1,2:19:31
2:19:32,1,2:19:33
2:19:34,1,2:19:35
2:19:36,1,2:19:37
2:19:38,1,2:19:39
2:19:40,1,2:19:41
2:19:42,1,2:19:43
2:19:44,1,2:19:45
2:19:46,1,2:19:47
2:19:48,1,2:19:49
2:19:50,1,2:19:51
2:19:52,1,2:19:53
2:19:54,1,2:19:55
2:19:56,1,2:19:57
2:19:58,1,2:19:59
2:20:00,1,2:20:01
2:20:02,1,2:20:03
2:20:04,1,2:20:05
2:20:06,1,2:20:07
2:20:08,1,2:20:09
2:20:10,1,2:20:11
2:20:12,1,2:20:13
2:20:14,1,2:20:15
2:20:16,1,2:20:17
2:20:18,1,2:20:19
2:20:20,1,2:20:21
2:20:22,1,2:20:23
2:20:24,1,2:20:25
2:20:26,1,2:20:27
2:20:28,1,2:20:29
2:20:30,1,2:20:31
2:20:32,1,2:20:33
2:20:34,1,2:20:35
2:20:36,1,2:20:37
2:20:38,1,2:20:39
2:20:40,1,2:20:41
2:20:42,1,2:20:43
2:20:44,1,2:20:45
2:20:46,1,2:20:47
2:20:48,1,2:20:49
2:20:50,1,2:20:51
2:20:52,1,2:20:53
2:20:54,1,2:20:55
2:20:56,1,2:20:57
2:20:58,1,2:20:59
2:21:00,1,2:21:01
2:21:02,1,2:21:03
2:21:04,1,2:21:05
2:21:06,1,2:21:07
2:21:08,1,2:21:09
2:21:10,1,2:21:11
2:21:12,1,2:21:13
2:21:14,1,2:21:15
2:21:16,1,2:21:17
2:21:18,1,2:21:19
2:21:20,1,2:21:21
2:21:22,1,2:21:23
2:21:24,1,2:21:25
2:21:26,1,2:21:27
2:21:28,1,2:21:29
2:21:30,1,2:21:31
2:21:32,1,2:21:33
2:21:34,1,2:21:35
2:21:36,1,2:21:37
2:21:38,1,2:21:39
2:21:40,1,2:21:41
2:21:42,1,2:21:43
2:21:44,1,2:21:45
2:21:46,1,2:21:47
2:21:48,1,2:21:49
2:21:50,1,2:21:51
2:21:52,1,2:21:53
2:21:54,1,2:21:55
2:21:56,1,2:21:57
2:21:58,1,2:21:59
2:22:00,1,2:22:01
2:22:02,1,2:22:03
2:22:04,1,2:22:05
2:22:06,1,2:22:07
2:22:08,1,2:22:09
2:22:10,1,2:22:11
2:22:12,1,2:22:13
2:22:14,1,2:22:15
2:22:16,1,2:22:17
2:22:18,1,2:22:19
2:22:20,1,2:22:21
2:22:22,1,2:22:23
2:22:24,1,2:22:25
2:22:26,1,2:22:27
2:22:28,1,2:22:29
2:22:30,1,2:22:31
2:22:32,1,2:22:33
2:22:34,1,2:22:35
2:22:36,1,2:22:37
2:22:38,1,2:22:39
2:22:40,1,2:22:41
2:22:42,1,2:22:43
2:22:44,1,2:22:45
2:22:46,1,2:22:47
2:22:48,1,2:22:49
2:22:50,1,2:22:51
2:22:52,1,2:22:53
2:22:54,1,2:22:55
2:22:56,1,2:22:57
2:22:58,1,2:22:59
2:23:00,1,2:23:01
2:23:02,1,2:23:03
2:23:04,1,2:23:05
2:23:06,1,2:23:07
2:23:08,1,2:23:09
2:23:10,1,2:23:11
2:23:12,1,2:23:13
2:23:14,1,2:23:15
2:23:16,1,2:23:17
2:23:18,1,2:23:19
2:23:20,1,2:23:21
2:23:22,1,2:23:23
2:23:24,1,2:23:25
2:23:26,1,2:23:27
2:23:28,1,2:23:29
2:23:30,1,2:23:31
2:23:32,1,2:23:33
2:23:34,1,2:23:35
2:23:36,1,2:23:37
2:23:38,1,2:23:39
2:23:40,1,2:23:41
2:23:42,1,2:23:43
2:23:44,1,2:23:45
2:23:46,1,2:23:47
2:23:48,1,2:23:49
2:23:50,1,2:23:51
2:23:52,1,2:23:53
2:23:54,1,2:23:55
2:23:56,1,2:23:57
2:23:58,1,2:23:59
2:24:00,1,2:24:01
2:24:02,1,2:24:03
2:24:04,1,2:24:05
2:24:06,1,2:24:07
2:24:08,1,2:24:09
2:24:10,1,2:24:11
2:24:12,1,2:24:13
2:24:14,1,2:24:15
2:24:16,1,2:24:17
2:24:18,1,2:24:19
2:24:20,1,2:24:21
2:24:22,1,2:24:23
2:24:24,1,2:24:25
2:24:26,1,2:24:27
2:24:28,1,2:24:29
2:24:30,1,2:24:31
2:24:32,1,2:24:33
2:24:34,1,2:24:35
2:24:36,1,2:24:37
2:24:38,1,2:24:39
2:24:40,1,2:24:41
2:24:42,1,2:24:43
2:24:44,1,2:24:45
2:24:46,1,2:24:47
2:24:48,1,2:24:49
2:24:50,1,2:24:51
2:24:52,1,2:24:53
2:24:54,1,2:24:55
2:24:56,1,2:24:57
2:24:58,1,2:24:59
2:25:00,1,2:25:01
2:25:02,1,2:25:03
2:25:04,1,2:25:05
2:25:06,1,2:25:07
2:25:08,1,2:25:09
2:25:10,1,2:25:11
2:25:12,1,2:25:13
2:25:14,1,2:25:15
2:25:16,1,2:25:17
2:25:18,1,2:25:19
2:25:20,1,2:25:21
2:25:22,1,2:25:23
2:25:24,1,2:25:25
2:25:26,1,2:25:27
2:25:28,1,2:25:29
2:25:30,1,2:25:31
2:25:32,1,2:25:33
2:25:34,1,2:25:35
2:25:36,1,2:25:37
2:25:38,1,2:25:39
2:25:40,1,2:25:41
2:25:42,1,2:25:43
2:25:44,1,2:25:45
2:25:46,1,2:25:47
2:25:48,1,2:25:49
2:25:50,1,2:25:51
2:25:52,1,2:25:53
2:25:54,1,2:25:55
2:25:56,1,2:25:57
2:25:58,1,2:25:59
2:26:00,1,2:26:01
2:26:02,1,2:26:03
2:26:04,1,2:26:05
2:26:06,1,2:26:07
2:26:08,1,2:26:09
2:26:10,1,2:26:11
2:26:12,1,2:26:13
2:26:14,1,2:26:15
2:26:16,1,2:26:17
2:26:18,1,2:26:19
2:26:20,1,2:26:21
2:26:22,1,2:26:23
2:26:24,1,2:26:25
2:26:26,1,2:26:27
2:26:28,1,2:26:29
2:26:30,1,2:26:31
2:26:32,1,2:26:33
2:26:34,1,2:26:35
2:26:36,1,2:26:37
2:26:38,1,2:26:39
2:26:40,1,2:26:41
2:26:42,1,2:26:43
2:26:44,1,2:26:45
2:26:46,1,2:26:47
2:26:48,1,2:26:49
2:26:50,1,2:26:51
2:26:52,1,2:26:53
2:26:54,1,2:26:55
2:26:56,1,2:26:57
2:26:58,1,2:26:59
2:27:00,1,2:27:01
2:27:02,1,2:27:03
2:27:04,1,2:27:05
2:27:06,1,2:27:07
2:27:08,1,2:27:09
2:27:10,1,2:27:11
2:27:12,1,2:27:13
2:27:14,1,2:27:15
2:27:16,1,2:27:17
2:27:18,1,2:27:19
2:27:20,1,2:27:21
2:27:22,1,2:27:23
2:27:24,1,2:27:25
2:27:26,1,2:27:27
2:27:28,1,2:27:29
2:27:30,1,2:27:31
2:27:32,1,2:27:33
2:27:34,1,2:27:35
2:27:36,1,2:27:37
2:27:38,1,2:27:39
2:27:40,1,2:27:41
2:27:42,1,2:27:43
2:27:44,1,2:27:45
2:27:46,1,2:27:47
2:27:48,1,2:27:49
2:27:50,1,2:27:51
2:27:52,1,2:27:53
2:27:54,1,2:27:55
2:27:56,1,2:27:57
2:27:58,1,2:27:59
2:28:00,1,2:28:01
2:28:02,1,2:28:03
2:28:04,1,2:28:05
2:28:06,1,2:28:07
2:28:08,1,2:28:09
2:28:10,1,2:28:11
2:28:12,1,2:28:13
2:28:14,1,2:28:15
2:28:16,1,2:28:17
2:28:18,1,2:28:19
2:28:20,1,2:28:21
2:28:22,1,2:28:23
2:28:24,1,2:28:25
2:28:26,1,2:28:27
2:28:28,1,2:28:29
2:28:30,1,2:28:31
2:28:32,1,2:28:33
2:28:34,1,2:28:35
2:28:36,1,2:28:37
2:28:38,1,2:28:39
2:28:40,1,2:28:41
2:28:42,1,2:28:43
2:28:44,1,2:28:45
2:28:46,1,2:28:47
2:28:48,1,2:28:49
2:28:50,1,2:28:51
2:28:52,1,2:28:53
2:28:54,1,2:28:55
2:28:56,1,2:28:57
2:28:58,1,2:28:59
2:29:00,1,2:29:01
2:29:02,1,2:29:03
2:29:04,1,2:29:05
2:29:06,1,2:29:07
2:29:08,1,2:29:09
2:29:10,1,2:29:11
2:29:12,1,2:29:13
2:29:14,1,2:29:15
2:29:16,1,2:29:17
2:29:18,1,2:29:19
2:29:20,1,2:29:21
2:29:22,1,2:29:23
2:29:24,1,2:29:25
2:29:26,1,2:29:27
2:29:28,1,2:29:29
2:29:30,1,2:29:31
2:29:32,1,2:29:33
2:29:34,1,2:29:35
2:29:36,1,2:29:37
2:29:38,1,2:29:39
2:29:40,1,2:29:41
2:29:42,1,2:29:43
2:29:44,1,2:29:45
2:29:46,1,2:29:47
2:29:48,1,2:29:49
2:29:50,1,2:29:51
2:29:52,1,2:29:53
2:29:54,1,2:29:55
2:29:56,1,2:29:57
2:29:58,1,2:29:59
2:30:00,1,2:30:01
2:30:02,1,2:30:03
2:30:04,1,2:30:05
2:30:06,1,2:30:07
2:30:08,1,2:30:09
2:30:10,1,2:30:11
2:30:12,1,2:30:13
2:30:14,1,2:30:15
2:30:16,1,2:30:17
2:30:18,1,2:30:19
2:30:20,1,2:30:21
2:30:22,1,2:30:23
2:30:24,1,2:30:25
2:30:26,1,2:30:27
2:30:28,1,2:30:29
2:30:30,1,2:30:31
2:30:32,1,2:30:33
2:30:34,1,2:30:35
2:30:36,1,2:30:37
2:30:38,1,2:30:39
2:30:40,1,2:30:41
2:30:42,1,2:30:43
2:30:44,1,2:30:45
2:30:46,1,2:30:47
2:30:48,1,2:30:49
2:30:50,1,2:30:51
2:30:52,1,2:30:53
2:30:54,1,2:30:55
2:30:56,1,2:30:57
2:30:58,1,2:30:59
2:31:00,1,2:31:01
2:31:02,1,2:31:03
2:31:04,1,2:31:05
2:31:06,1,2:31:07
2:31:08,1,2:31:09
2:31:10,1,2:31:11
2:31:12,1,2:31:13
2:31:14,1,2:31:15
2:31:16,1,2:31:17
2:31:18,1,2:31:19
2:31:20,1,2:31:21
2:31:22,1,2:31:23
2:31:24,1,2:31:25
2:31:26,1,2:31:27
2:31:28,1,2:31:29
2:31:30,1,2:31:31
2:31:32,1,2:31:33
2:31:34,1,2:31:35
2:31:36,1,2:31:37
2:31:38,1,2:31:39
2:31:40,1,2:31:41
2:31:42,1,2:31:43
2:31:44,1,2:31:45
2:31:46,1,2:31:47
2:31:48,1,2:31:49
2:31:50,1,2:31:51
2:31:52,1,2:31:53
2:31:54,1,2:31:55
2:31:56,1,2:31:57
2:31:58,1,2:31:59
2:32:00,1,2:32:01
2:32:02,1,2:32:03
2:32:04,1,2:32:05
2:32:06,1,2:32:07
2:32:08,1,2:32:09
2:32:10,1,2:32:11
2:32:12,1,2:32:13
2:32:14,1,2:32:15
2:32:16,1,2:32:17
2:32:18,1,2:32:19
2:32:20,1,2:32:21
2:32:22,1,2:32:23
2:32:24,1,2:32:25
2:32:26,1,2:32:27
2:32:28,1,2:32:29
2:32:30,1,2:32:31
2:32:32,1,2:32:33
2:32:34,1,2:32:35
2:32:36,1,2:32:37
2:32:38,1,2:32:39
2:32:40,1,2:32:41
2:32:42,1,2:32:43
2:32:44,1,2:32:45
2:32:46,1,2:32:47
2:32:48,1,2:32:49
2:32:50,1,2:32:51
2:32:52,1,2:32:53
2:32:54,1,2:32:55
2:32:56,1,2:32:57
2:32:58,1,2:32:59
2:33:00,1,2:33:01
2:33:02,1,2:33:03
2:33:04,1,2:33:05
2:33:06,1,2:33:07
2:33:08,1,2:33:09
2:33:10,1,2:33:11
2:33:12,1,2:33:13
2:33:14,1,2:33:15
2:33:16,1,2:33:17
2:33:18,1,2:33:19
2:33:20,1,2:33:21
2:33:22,1,2:33:23
2:33:24,1,2:33:25
2:33:26,1,2:33:27
2:33:28,1,2:33:29
2:33:30,1,2:33:31
2:33:32,1,2:33:33
2:33:34,1,2:33:35
2:33:36,1,2:33:37
2:33:38,1,2:33:39
2:33:40,1,2:33:41
2:33:42,1,2:33:43
2:33:44,1,2:33:45
2:33:46,1,2:33:47
2:33:48,1,2:33:49
2:33:50,1,2:33:51
2:33:52,1,2:33:53
2:33:54,1,2:33:55
2:33:56,1,2:33:57
2:33:58,1,2:33:59
2:34:00,1,2:34:01
2:34:02,1,2:34:03
2:34:04,1,2:34:05
2:34:06,1,2:34:07
2:34:08,1,2:34:09
2:34:10,1,2:34:11
2:34:12,1,2:34:13
2:34:14,1,2:34:15
2:34:16,1,2:34:17
2:34:18,1,2:34:19
2:34:20,1,2:34:21
2:34:22,1,2:34:23
2:34:24,1,2:34:25
2:34:26,1,2:34:27
2:34:28,1,2:34:29
2:34:30,1,2:34:31
2:34:32,1,2:34:33
2:34:34,1,2:34:35
2:34:36,1,2:34:37
2:34:38,1,2:34:39
2:34:40,1,2:34:41
2:34:42,1,2:34:43
2:34:44,1,2:34:45
2:34:46,1,2:34:47
2:34:48,1,2:34:49
2:34:50,1,2:34:51
2:34:52,1,2:34:53
2:34:54,1,2:34:55
2:34:56,1,2:34:57
2:34:58,1,2:34:59
2:35:00,1,2:35:01
2:35:02,1,2:35:03
2:35:04,1,2:35:05
2:35:06,1,2:35:07
2:35:08,1,2:35:09
2:35:10,1,2:35:11
2:35:12,1,2:35:13
2:35:14,1,2:35:15
2:35:16,1,2:35:17
2:35:18,1,2:35:19
2:35:20,1,2:35:21
2:35:22,1,2:35:23
2:35:24,1,2:35:25
2:35:26,1,2:35:27
2:35:28,1,2:35:29
2:35:30,1,2:35:31
2:35:32,1,2:35:33
2:35:34,1,2:35:35
2:35:36,1,2:35:37
2:35:38,1,2:35:39
2:35:40,1,2:35:41
2:35:42,1,2:35:43
2:35:44,1,2:35:45
2:35:46,1,2:35:47
2:35:48,1,2:35:49
2:35:50,1,2:35:51
2:35:52,1,2:35:53
2:35:54,1,2:35:55
2:35:56,1,2:35:57
2:35:58,1,2:35:59
2:36:00,1,2:36:01
2:36:02,1,2:36:03
2:36:04,1,2:36:05
2:36:06,1,2:36:07
2:36:08,1,2:36:09
2:36:10,1,2:36:11
2:36:12,1,2:36:13
2:36:14,1,2:36:15
2:36:16,1,2:36:17
2:36:18,1,2:36:19
2:36:20,1,2:36:21
2:36:22,1,2:36:23
2:36:24,1,2:36:25
2:36:26,1,2:36:27
2:36:28,1,2:36:29
2:36:30,1,2:36:31
2:36:32,1,2:36:33
2:36:34,1,2:36:35
2:36:36,1,2:36:37
2:36:38,1,2:36:39
2:36:40,1,2:36:41
2:36:42,1,2:36:43
2:36:44,1,2:36:45
2:36:46,1,2:36:47
2:36:48,1,2:36:49
2:36:50,1,2:36:51
2:36:52,1,2:36:53
2:36:54,1,2:36:55
2:36:56,1,2:36:57
2:36:58,1,2:36:59
2:37:00,1,2:37:01
2:37:02,1,2:37:03
2:37:04,1,2:37:05
2:37:06,1,2:37:07
2:37:08,1,2:37:09
2:37:10,1,2:37:11
2:37:12,1,2:37:13
2:37:14,1,2:37:15
2:37:16,1,2:37:17
2:37:18,1,2:37:19
2:37:20,1,2:37:21
2:37:22,1,2:37:23
2:37:24,1,2:37:25
2:37:26,1,2:37:27
2:37:28,1,2:37:29
2:37:30,1,2:37:31
2:37:32,1,2:37:33
2:37:34,1,2:37:35
2:37:36,1,2:37:37
2:37:38,1,2:37:39
2:37:40,1,2:37:41
2:37:42,1,2:37:43
2:37:44,1,2:37:45
2:37:46,1,2:37:47
2:37:48,1,2:37:49
2:37:50,1,2:37:51
2:37:52,1,2:37:53
2:37:54,1,2:37:55
2:37:56,1,2:37:57
2:37:58,1,2:37:59
2:38:00,1,2:38:01
2:38:02,1,2:38:03
2:38:04,1,2:38:05
2:38:06,1,2:38:07
2:38:08,1,2:38:09
2:38:10,1,2:38:11
2:38:12,1,2:38:13
2:38:14,1,2:38:15
2:38:16,1,2:38:17
2:38:18,1,2:38:19
2:38:20,1,2:38:21
2:38:22,1,2:38:23
2:38:24,1,2:38:25
2:38:26,1,2:38:27
2:38:28,1,2:38:29
2:38:30,1,2:38:31
2:38:32,1,2:38:33
2:38:34,1,2:38:35
2:38:36,1,2:38:37
2:38:38,1,2:38:39
2:38:40,1,2:38:41
2:38:42,1,2:38:43
2:38:44,1,2:38:45
2:38:46,1,2:38:47
2:38:48,1,2:38:49
2:38:50,1,2:38:51
2:38:52,1,2:38:53
2:38:54,1,2:38:55
2:38:56,1,2:38:57
2:38:58,1,2:38:59
2:39:00,1,2:39:01
2:39:02,1,2:39:03
2:39:04,1,2:39:05
2:39:06,1,2:39:07
2:39:08,1,2:39:09
2:39:10,1,2:39:11
2:39:12,1,2:39:13
2:39:14,1,2:39:15
2:39:16,1,2:39:17
2:39:18,1,2:39:19
2:39:20,1,2:39:21
2:39:22,1,2:39:23
2:39:24,1,2:39:25
2:39:26,1,2:39:27
2:39:28,1,2:39:29
2:39:30,1,2:39:31
2:39:32,1,2:39:33
2:39:34,1,2:39:35
2:39:36,1,2:39:37
2:39:38,1,2:39:39
2:39:40,1,2:39:41
2:39:42,1,2:39:43
2:39:44,1,2:39:45
2:39:46,1,2:39:47
2:39:48,1,2:39:49
2:39:50,1,2:39:51
2:39:52,1,2:39:53
2:39:54,1,2:39:55
2:39:56,1,2:39:57
2:39:58,1,2:39:59
2:40:00,1,2:40:01
2:40:02,1,2:40:03
2:40:04,1,2:40:05
2:40:06,1,2:40:07
2:40:08,1,2:40:09
2:40:10,1,2:40:11
2:40:12,1,2:40:13
2:40:14,1,2:40:15
2:40:16,1,2:40:17
2:40:18,1,2:40:19
2:40:20,1,2:40:21
2:40:22,1,2:40:23
2:40:24,1,2:40:25
2:40:26,1,2:40:27
2:40:28,1,2:40:29
2:40:30,1,2:40:31
2:40:32,1,2:40:33
2:40:34,1,2:40:35
2:40:36,1,2:40:37
2:40:38,1,2:40:39
2:40:40,1,2:40:41
2:40:42,1,2:40:43
2:40:44,1,2:40:45
2:40:46,1,2:40:47
2:40:48,1,2:40:49
2:40:50,1,2:40:51
2:40:52,1,2:40:53
2:40:54,1,2:40:55
2:40:56,1,2:40:57
2:40:58,1,2:40:59
2:41:00,1,2:41:01
2:41:02,1,2:41:03
2:41:04,1,2:41:05
2:41:06,1,2:41:07
2:41:08,1,2:41:09
2:41:10,1,2:41:11
2:41:12,1,2:41:13
2:41:14,1,2:41:15
2:41:16,1,2:41:17
2:41:18,1,2:41:19
2:41:20,1,2:41:21
2:41:22,1,2:41:23
2:41:24,1,2:41:25
2:41:26,1,2:41:27
2:41:28,1,2:41:29
2:41:30,1,2:41:31
2:41:32,1,2:41:33
2:41:34,1,2:41:35
2:41:36,1,2:41:37
2:41:38,1,2:41:39
2:41:40,1,2:41:41
2:41:42,1,2:41:43
2:41:44,1,2:41:45
2:41:46,1,2:41:47
2:41:48,1,2:41:49
2:41:50,1,2:41:51
2:41:52,1,2:41:53
2:41:54,1,2:41:55
2:41:56,1,2:41:57
2:41:58,1,2:41:59
2:42:00,1,2:42:01
2:42:02,1,2:42:03
2:42:04,1,2:42:05
2:42:06,1,2:42:07
2:42:08,1,2:42:09
2:42:10,1,2:42:11
2:42:12,1,2:42:13
2:42:14,1,2:42:15
2:42:16,1,2:42:17
2:42:18,1,2:42:19
2:42:20,1,2:42:21
2:42:22,1,2:42:23
2:42:24,1,2:42:25
2:42:26,1,2:42:27
2:42:28,1,2:42:29
2:42:30,1,2:42:31
2:42:32,1,2:42:33
2:42:34,1,2:42:35
2:42:36,1,2:42:37
2:42:38,1,2:42:39
2:42:40,1,2:42:41
2:42:42,1,2:42:43
2:42:44,1,2:42:45
2:42:46,1,2:42:47
2:42:48,1,2:42:49
2:42:50,1,2:42:51
2:42:52,1,2:42:53
2:42:54,1,2:42:55
2:42:56,1,2:42:57
2:42:58,1,2:42:59
2:43:00,1,2:43:01
2:43:02,1,2:43:03
2:43:04,1,2:43:05
2:43:06,1,2:43:07
2:43:08,1,2:43:09
2:43:10,1,2:43:11
2:43:12,1,2:43:13
2:43:14,1,2:43:15
2:43:16,1,2:43:17
2:43:18,1,2:43:19
2:43:20,1,2:43:21
2:43:22,1,2:43:23
2:43:24,1,2:43:25
2:43:26,1,2:43:27
2:43:28,1,2:43:29
2:43:30,1,2:43:31
2:43:32,1,2:43:33
2:43:34,1,2:43:35
2:43:36,1,2:43:37
2:43:38,1,2:43:39
2:43:40,1,2:43:41
2:43:42,1,2:43:43
2:43:44,1,2:43:45
2:43:46,1,2:43:47
2:43:48,1,2:43:49
2:43:50,1,2:43:51
2:43:52,1,2:43:53
2:43:54,1,2:43:55
2:43:56,1,2:43:57
2:43:58,1,2:43:59
2:44:00,1,2:44:01
2:44:02,1,2:44:03
2:44:04,1,2:44:05
2:44:06,1,2:44:07
2:44:08,1,2:44:09
2:44:10,1,2:44:11
2:44:12,1,2:44:13
2:44:14,1,2:44:15
2:44:16,1,2:44:17
2:44:18,1,2:44:19
2:44:20,1,2:44:21
2:44:22,1,2:44:23
2:44:24,1,2:44:25
2:44:26,1,2:44:27
2:44:28,1,2:44:29
2:44:30,1,2:44:31
2:44:32,1,2:44:33
2:44:34,1,2:44:35
2:44:36,1,2:44:37
2:44:38,1,2:44:39
2:44:40,1,2:44:41
2:44:42,1,2:44:43
2:44:44,1,2:44:45
2:44:46,1,2:44:47
2:44:48,1,2:44:49
2:44:50,1,2:44:51
2:44:52,1,2:44:53
2:44:54,1,2:44:55
2:44:56,1,2:44:57
2:44:58,1,2:44:59
2:45:00,1,2:45:01
2:45:02,1,2:45:03
2:45:04,1,2:45:05
2:45:06,1,2:45:07
2:45:08,1,2:45:09
2:45:10,1,2:45:11
2:45:12,1,2:45:13
2:45:14,1,2:45:15
2:45:16,1,2:45:17
2:45:18,1,2:45:19
2:45:20,1,2:45:21
2:45:22,1,2:45:23
2:45:24,1,2:45:25
2:45:26,1,2:45:27
2:45:28,1,2:45:29
2:45:30,1,2:45:31
2:45:32,1,2:45:33
2:45:34,1,2:45:35
2:45:36,1,2:45:37
2:45:38,1,2:45:39
2:45:40,1,2:45:41
2:45:42,1,2:45:43
2:45:44,1,2:45:45
2:45:46,1,2:45:47
2:45:48,1,2:45:49
2:45:50,1,2:45:51
2:45:52,1,2:45:53
2:45:54,1,2:45:55
2:45:56,1,2:45:57
2:45:58,1,2:45:59
2:46:00,1,2:46:01
2:46:02,1,2:46:03
2:46:04,1,2:46:05
2:46:06,1,2:46:07
2:46:08,1,2:46:09
2:46:10,1,2:46:11
2:46:12,1,2:46:13
2:46:14,1,2:46:15
2:46:16,1,2:46:17
2:46:18,1,2:46:19
2:46:20,1,2:46:21
2:46:22,1,2:46:23
2:46:24,1,2:46:25
2:46:26,1,2:46:27
2:46:28,1,2:46:29
2:46:30,1,2:46:31
2:46:32,1,2:46:33
2:46:34,1,2:46:35
2:46:36,1,2:46:37
2:46:38,1,2:46:39
2:46:40,1,2:46:41
2:46:42,1,2:46:43
2:46:44,1,2:46:45
2:46:46,1,2:46:47
2:46:48,1,2:46:49
2:46:50,1,2:46:51
2:46:52,1,2:46:53
2:46:54,1,2:46:55
2:46:56,1,2:46:57
2:46:58,1,2:46:59
2:47:00,1,2:47:01
2:47:02,1,2:47:03
2:47:04,1,2:47:05
2:47:06,1,2:47:07
2:47:08,1,2:47:09
2:47:10,1,2:47:11
2:47:12,1,2:47:13
2:47:14,1,2:47:15
2:47:16,1,2:47:17
2:47:18,1,2:47:19
2:47:20,1,2:47:21
2:47:22,1,2:47:23
2:47:24,1,2:47:25
2:47:26,1,2:47:27
2:47:28,1,2:47:29
2:47:30,1,2:47:31
2:47:32,1,2:47:33
2:47:34,1,2:47:35
2:47:36,1,2:47:37
2:47:38,1,2:47:39
2:47:40,1,2:47:41
2:47:42,1,2:47:43
2:47:44,1,2:47:45
2:47:46,1,2:47:47
2:47:48,1,2:47:49
2:47:50,1,2:47:51
2:47:52,1,2:47:53
2:47:54,1,2:47:55
2:47:56,1,2:47:57
2:47:58,1,2:47:59
2:48:00,1,2:48:01
2:48:02,1,2:48:03
2:48:04,1,2:48:05
2:48:06,1,2:48:07
2:48:08,1,2:48:09
2:48:10,1,2:48:11
2:48:12,1,2:48:13
2:48:14,1,2:48:15
2:48:16,1,2:48:17
2:48:18,1,2:48:19
2:48:20,1,2:48:21
2:48:22,1,2:48:23
2:48:24,1,2:48:25
2:48:26,1,2:48:27
2:48:28,1,2:48:29
2:48:30,1,2:48:31
2:48:32,1,2:48:33
2:48:34,1,2:48:35
2:48:36,1,2:48:37
2:48:38,1,2:48:39
2:48:40,1,2:48:41
2:48:42,1,2:48:43
2:48:44,1,2:48:45
2:48:46,1,2:48:47
2:48:48,1,2:48:49
2:48:50,1,2:48:51
2:48:52,1,2:48:53
2:48:54,1,2:48:55
2:48:56,1,2:48:57
2:48:58,1,2:48:59
2:49:00,1,2:49:01
2:49:02,1,2:49:03
2:49:04,1,2:49:05
2:49:06,1,2:49:07
2:49:08,1,2:49:09
2:49:10,1,2:49:11
2:49:12,1,2:49:13
2:49:14,1,2:49:15
2:49:16,1,2:49:17
2:49:18,1,2:49:19
2:49:20,1,2:49:21
2:49:22,1,2:49:23
2:49:24,1,2:49:25
2:49:26,1,2:49:27
2:49:28,1,2:49:29
2:49:30,1,2:49:31
2:49:32,1,2:49:33
2:49:34,1,2:49:35
2:49:36,1,2:49:37
2:49:38,1,2:49:39
2:49:40,1,2:49:41
2:49:42,1,2:49:43
2:49:44,1,2:49:45
2:49:46,1,2:49:47
2:49:48,1,2:49:49
2:49:50,1,2:49:51
2:49:52,1,2:49:53
2:49:54,1,2:49:55
2:49:56,1,2:49:57
2:49:58,1,2:49:59
2:50:00,1,2:50:01
2:50:02,1,2:50:03
2:50:04,1,2:50:05
2:50:06,1,2:50:07
2:50:08,1,2:50:09
2:50:10,1,2:50:11
2:50:12,1,2:50:13
2:50:14,1,2:50:15
2:50:16,1,2:50:17
2:50:18,1,2:50:19
2:50:20,1,2:50:21
2:50:22,1,2:50:23
2:50:24,1,2:50:25
2:50:26,1,2:50:27
2:50:28,1,2:50:29
2:50:30,1,2:50:31
2:50:32,1,2:50:33
2:50:34,1,2:50:35
2:50:36,1,2:50:37
2:50:38,1,2:50:39
2:50:40,1,2:50:41
2:50:42,1,2:50:43
2:50:44,1,2:50:45
2:50:46,1,2:50:47
2:50:48,1,2:50:49
2:50:50,1,2:50:51
2:50:52,1,2:50:53
2:50:54,1,2:50:55
2:50:56,1,2:50:57
2:50:58,1,2:50:59
2:51:00,1,2:51:01
2:51:02,1,2:51:03
2:51:04,1,2:51:05
2:51:06,1,2:51:07
2:51:08,1,2:51:09
2:51:10,1,2:51:11
2:51:12,1,2:51:13
2:51:14,1,2:51:15
2:51:16,1,2:51:17
2:51:18,1,2:51:19
2:51:20,1,2:51:21
2:51:22,1,2:51:23
2:51:24,1,2:51:25
2:51:26,1,2:51:27
2:51:28,1,2:51:29
2:51:30,1,2:51:31
2:51:32,1,2:51:33
2:51:34,1,2:51:35
2:51:36,1,2:51:37
2:51:38,1,2:51:39
2:51:40,1,2:51:41
2:51:42,1,2:51:43
2:51:44,1,2:51:45
2:51:46,1,2:51:47
2:51:48,1,2:51:49
2:51:50,1,2:51:51
2:51:52,1,2:51:53
2:51:54,1,2:51:55
2:51:56,1,2:51:57
2:51:58,1,2:51:59
2:52:00,1,2:52:01
2:52:02,1,2:52:03
2:52:04,1,2:52:05
2:52:06,1,2:52:07
2:52:08,1,2:52:09
2:52:10,1,2:52:11
2:52:12,1,2:52:13
2:52:14,1,2:52:15
2:52:16,1,2:52:17
2:52:18,1,2:52:19
2:52:20,1,2:52:21
2:52:22,1,2:52:23
2:52:24,1,2:52:25
2:52:26,1,2:52:27
2:52:28,1,2:52:29
2:52:30,1,2:52:31
2:52:32,1,2:52:33
2:52:34,1,2:52:35
2:52:36,1,2:52:37
2:52:38,1,2:52:39
2:52:40,1,2:52:41
2:52:42,1,2:52:43
2:52:44,1,2:52:45
2:52:46,1,2:52:47
2:52:48,1,2:52:49
2:52:50,1,2:52:51
2:52:52,1,2:52:53
2:52:54,1,2:52:55
2:52:56,1,2:52:57
2:52:58,1,2:52:59
2:53:00,1,2:53:01
2:53:02,1,2:53:03
2:53:04,1,2:53:05
2:53:06,1,2:53:07
2:53:08,1,2:53:09
2:53:10,1,2:53:11
2:53:12,1,2:53:13
2:53:14,1,2:53:15
2:53:16,1,2:53:17
2:53:18,1,2:53:19
2:53:20,1,2:53:21
2:53:22,1,2:53:23
2:53:24,1,2:53:25
2:53:26,1,2:53:27
2:53:28,1,2:53:29
2:53:30,1,2:53:31
2:53:32,1,2:53:33
2:53:34,1,2:53:35
2:53:36,1,2:53:37
2:53:38,1,2:53:39
2:53:40,1,2:53:41
2:53:42,1,2:53:43
2:53:44,1,2:53:45
2:53:46,1,2:53:47
2:53:48,1,2:53:49
2:53:50,1,2:53:51
2:53:52,1,2:53:53
2:53:54,1,2:53:55
2:53:56,1,2:53:57
2:53:58,1,2:53:59
2:54:00,1,2:54:01
2:54:02,1,2:54:03
2:54:04,1,2:54:05
2:54:06,1,2:54:07
2:54:08,1,2:54:09
2:54:10,1,2:54:11
2:54:12,1,2:54:13
2:54:14,1,2:54:15
2:54:16,1,2:54:17
2:54:18,1,2:54:19
2:54:20,1,2:54:21
2:54:22,1,2:54:23
2:54:24,1,2:54:25
2:54:26,1,2:54:27
2:54:28,1,2:54:29
2:54:30,1,2:54:31
2:54:32,1,2:54:33
2:54:34,1,2:54:35
2:54:36,1,2:54:37
2:54:38,1,2:54:39
2:54:40,1,2:54:41
2:54:42,1,2:54:43
2:54:44,1,2:54:45
2:54:46,1,2:54:47
2:54:48,1,2:54:49
2:54:50,1,2:54:51
2:54:52,1,2:54:53
2:54:54,1,2:54:55
2:54:56,1,2:54:57
2:54:58,1,2:54:59
2:55:00,1,2:55:01
2:55:02,1,2:55:03
2:55:04,1,2:55:05
2:55:06,1,2:55:07
2:55:08,1,2:55:09
2:55:10,1,2:55:11
2:55:12,1,2:55:13
2:55:14,1,2:55:15
2:55:16,1,2:55:17
2:55:18,1,2:55:19
2:55:20,1,2:55:21
2:55:22,1,2:55:23
2:55:24,1,2:55:25
2:55:26,1,2:55:27
2:55:28,1,2:55:29
2:55:30,1,2:55:31
2:55:32,1,2:55:33
2:55:34,1,2:55:35
2:55:36,1,2:55:37
2:55:38,1,2:55:39
2:55:40,1,2:55:41
2:55:42,1,2:55:43
2:55:44,1,2:55:45
2:55:46,1,2:55:47
2:55:48,1,2:55:49
2:55:50,1,2:55:51
2:55:52,1,2:55:53
2:55:54,1,2:55:55
2:55:56,1,2:55:57
2:55:58,1,2:55:59
2:56:00,1,2:56:01
2:56:02,1,2:56:03
2:56:04,1,2:56:05
2:56:06,1,2:56:07
2:56:08,1,2:56:09
2:56:10,1,2:56:11
2:56:12,1,2:56:13
2:56:14,1,2:56:15
2:56:16,1,2:56:17
2:56:18,1,2:56:19
2:56:20,1,2:56:21
2:56:22,1,2:56:23
2:56:24,1,2:56:25
2:56:26,1,2:56:27
2:56:28,1,2:56:29
2:56:30,1,2:56:31
2:56:32,1,2:56:33
2:56:34,1,2:56:35
2:56:36,1,2:56:37
2:56:38,1,2:56:39
2:56:40,1,2:56:41
2:56:42,1,2:56:43
2:56:44,1,2:56:45
2:56:46,1,2:56:47
2:56:48,1,2:56:49
2:56:50,1,2:56:51
2:56:52,1,2:56:53
2:56:54,1,2:56:55
2:56:56,1,2:56:57
2:56:58,1,2:56:59
2:57:00,1,2:57:01
2:57:02,1,2:57:03
2:57:04,1,2:57:05
2:57:06,1,2:57:07
2:57:08,1,2:57:09
2:57:10,1,2:57:11
2:57:12,1,2:57:13
2:57:14,1,2:57:15
2:57:16,1,2:57:17
2:57:18,1,2:57:19
2:57:20,1,2:57:21
2:57:22,1,2:57:23
2:57:24,1,2:57:25
2:57:26,1,2:57:27
2:57:28,1,2:57:29
2:57:30,1,2:57:31
2:57:32,1,2:57:33
2:57:34,1,2:57:35
2:57:36,1,2:57:37
2:57:38,1,2:57:39
2:57:40,1,2:57:41
2:57:42,1,2:57:43
2:57:44,1,2:57:45
2:57:46,1,2:57:47
2:57:48,1,2:57:49
2:57:50,1,2:57:51
2:57:52,1,2:57:53
2:57:54,1,2:57:55
2:57:56,1,2:57:57
2:57:58,1,2:57:59
2:58:00,1,2:58:01
2:58:02,1,2:58:03
2:58:04,1,2:58:05
2:58:06,1,2:58:07
2:58:08,1,2:58:09
2:58:10,1,2:58:11
2:58:12,1,2:58:13
2:58:14,1,2:58:15
2:58:16,1,2:58:17
2:58:18,1,2:58:19
2:58:20,1,2:58:21
2:58:22,1,2:58:23
2:58:24,1,2:58:25
2:58:26,1,2:58:27
2:58:28,1,2:58:29
2:58:30,1,2:58:31
2:58:32,1,2:58:33
2:58:34,1,2:58:35
2:58:36,1,2:58:37
2:58:38,1,2:58:39
2:58:40,1,2:58:41
2:58:42,1,2:58:43
2:58:44,1,2:58:45
2:58:46,1,2:58:47
2:58:48,1,2:58:49
2:58:50,1,2:58:51
2:58:52,1,2:58:53
2:58:54,1,2:58:55
2:58:56,1,2:58:57
2:58:58,1,2:58:59
2:59:00,1,2:59:01
2:59:02,1,2:59:03
2:59:04,1,2:59:05
2:59:06,1,2:59:07
2:59:08,1,2:59:09
2:59:10,1,2:59:11
2:59:12,1,2:59:13
2:59:14,1,2:59:15
2:59:16,1,2:59:17
2:59:18,1,2:59:19
2:59:20,1,2:59:21
2:59:22,1,2:59:23
2:59:24,1,2:59:25
2:59:26,1,2:59:27
2:59:28,1,2:59:29
2:59:30,1,2:59:31
2:59:32,1,2:59:33
2:59:34,1,2:59:35
2:59:36,1,2:59:37
2:59:38,1,2:59:39
2:59:40,1,2:59:41
2:59:42,1,2:59:43
2:59:44,1,2:59:45
2:59:46,1,2:59:47
2:59:48,1,2:59:49
2:59:50,1,2:59:51
2:59:52,1,2:59:53
2:59:54,1,2:59:55
2:59:56,1,2:59:57
2:59:58,1,2:59:59
