0.3216358414777464,0.5779594154521606,0.6978715862083793,-0.274751794771389,0.6701613160220641,0.24859241259557605,0.8018270134925842,0.41565809472696474,0.24125882822435957,-0.253722204260004,0.8394328854394516,0.6417916087209601,-0.6895363516013862,0.7906336188316345
0.318074673972927,0.5762391389564234,0.6987929088270404,-0.28011680971483954,0.6701598358064189,0.25001824787385496,0.8015328049659729,0.4147503967108636,0.24107440117007722,-0.25456483222444687,0.8396796935279602,0.6418931842672597,-0.6900158599704874,0.7908433079719543
0.31743496932436144,0.5781345040131728,0.6979846063400306,-0.2789498607847602,0.6700964335285984,0.2502720016769858,0.802622377872467,0.41449354135284794,0.2405191507063592,-0.25541746198432763,0.8397068312415656,0.6419634355810968,-0.690349363545607,0.7911325097084045
0.31580335785148744,0.5799653488533121,0.6974749795986245,-0.27827519855905203,0.6697687636095067,0.2505488389777144,0.8030657172203064,0.41536513892716764,0.2398007996246169,-0.2555429597095026,0.8394433712921417,0.6421817405723091,-0.6905847198769826,0.7915850281715393
0.3156211532399293,0.5799077889952157,0.694452054894051,-0.2860534693787289,0.6694496723707357,0.25181600596655895,0.8002999424934387,0.41837180631937315,0.23592189652689322,-0.2572569694376647,0.8385253377757689,0.6428185868475942,-0.6921339834554496,0.7935131192207336
0.31466671584606,0.577370582645601,0.6963400113295104,-0.28764328056770533,0.6692142632040674,0.25171816063842045,0.7995399832725525,0.41859914375429774,0.2358653846451527,-0.25834809330764086,0.8380922024805323,0.6429731810765149,-0.6926581162131696,0.7937025427818298
0.3141866125659408,0.577335196398713,0.6969908092246879,-0.28666122050237935,0.6689200667732382,0.25110117000996923,0.7994247078895569,0.41810827322771915,0.23641473268253774,-0.2583421440832884,0.8381842772443472,0.6430512985385186,-0.6926253305922884,0.7937043309211731
0.3144584224633471,0.578891701668209,0.6956929940042615,-0.28637659886054745,0.6686655408687385,0.25046347077123343,0.79926997423172,0.41761333426128977,0.23685573222144202,-0.2583151171471136,0.8383148366898238,0.6430505672907219,-0.6925321364192439,0.7938298583030701
0.3155059255472298,0.5813713540868869,0.6930016585086354,-0.2867264565680092,0.6681521192203712,0.24996843700219687,0.7988960146903992,0.4173917244969419,0.23724726833431822,-0.2580031721712867,0.8384105468915133,0.6433764541250087,-0.6923489119532068,0.7937983870506287
0.316179827872199,0.5823113029604228,0.6913573762204385,-0.2880431239186809,0.6679148588915621,0.2497930092407951,0.7982621788978577,0.41794130422531683,0.23750977828995684,-0.25760260893269954,0.8381855804713915,0.6435732358726133,-0.6921518196557642,0.7939656376838684
0.3161156791603701,0.5838164811282226,0.6907216744825487,-0.2865881402850816,0.667643861708781,0.249483544002873,0.7982164025306702,0.4175863395957614,0.23755022173531998,-0.2581072181894969,0.8381958035298156,0.6437546776229037,-0.6921024032826409,0.7939922213554382
0.3157092759926613,0.5820261021734184,0.6925110324392525,-0.28635945835772214,0.6674289024487517,0.2492905977588835,0.7978213429450989,0.4173656982606942,0.2375143268358568,-0.25856360925501976,0.8381752074787767,0.6439767868374179,-0.6919038813821525,0.7940817475318909
0.3145290823447271,0.5837118277655079,0.6925372541031748,-0.28415508118854527,0.6664862687891653,0.24885755517811567,0.7975605130195618,0.4180859990967909,0.24043201819337878,-0.25600122328197417,0.8377708013919021,0.6449152186802093,-0.6897142001981582,0.794064462184906
0.31296349178286054,0.5885659901796304,0.6894823787647639,-0.2832983893138704,0.6663792322311879,0.24912156472280148,0.7980241179466248,0.4175040536072605,0.24114947432534925,-0.2556830692751292,0.8379519463192164,0.6451165594481664,-0.6892709967089676,0.7939794659614563
0.31187061347652095,0.5917883362520432,0.6869901373657571,-0.28384474046209707,0.6663838024385798,0.24939757731188858,0.7980976700782776,0.41712114445555093,0.2421230321980649,-0.25552906059668284,0.8379088776936804,0.6453457828012062,-0.6888120284388993,0.7938736081123352
0.31164877124224843,0.5930191718472522,0.6855399315052495,-0.2850233455641376,0.6661286264899141,0.2495528308346119,0.7977510094642639,0.41707859741729264,0.24218934416501156,-0.2550232035409048,0.8380649919935087,0.6456423077265028,-0.6885209442944592,0.7939916253089905
0.3117505130790006,0.5913160498623442,0.68645854969566,-0.28623697580834034,0.6657991598011903,0.24962054470365205,0.7970803380012512,0.41737364174158725,0.241863435732534,-0.25479586929443354,0.8380813723174579,0.6458858743445104,-0.688304596394994,0.794312059879303
0.31382438769535015,0.5812108431197586,0.692823097841213,-0.28931706590756595,0.6651652336201185,0.2485139231568598,0.794948160648346,0.41786450098474387,0.24198730617391132,-0.2547488207648018,0.8378152784393512,0.6464227143276844,-0.688203259015516,0.7946042418479919
0.31530798879406335,0.5799318889548288,0.6939156145994253,-0.2876473469215886,0.6646702969470922,0.24757895552530787,0.7945012450218201,0.4181282203758763,0.24166039408488368,-0.2539901953140519,0.8380083686577188,0.6466016590398016,-0.6881069399997556,0.794918954372406
0.32292071456653754,0.564996990268805,0.6972625730118248,-0.3005420392689821,0.6633553177032641,0.24695892768414476,0.7883405089378357,0.41671933119975074,0.24256985750787358,-0.2541876145482094,0.8383874521027455,0.6469834150766419,-0.6884499768648306,0.795258104801178
0.3270476861666817,0.554837515411779,0.7009786223199225,-0.3063072208015465,0.6628067045723915,0.24678879100999132,0.7856312394142151,0.4173076120400737,0.24248674565722217,-0.2522037820103066,0.8387179427278748,0.6470804337038092,-0.688387477630491,0.7957807183265686
0.3243767590789416,0.5540812856535445,0.70504037504477,-0.30115065434876215,0.6628586125365254,0.2455588668783429,0.7868298888206482,0.41804254973218874,0.2419678553686812,-0.252269447549492,0.8384820268883321,0.6470489335931492,-0.6887420578646363,0.796063244342804
0.32155522027809624,0.5550209168594206,0.7052116432119485,-0.30204397103523967,0.6629881113984606,0.24579086727719748,0.7875050902366638,0.41735765286913834,0.24152196463165806,-0.25372148212601425,0.838513649083786,0.6469292901966517,-0.689531566937459,0.7958888411521912
0.31991647548855395,0.5629948023800385,0.6998338684867094,-0.30153417339162386,0.6634802699766079,0.24640006043693333,0.7885087132453918,0.4164522998127663,0.24108291232234924,-0.2548770077380912,0.8387396630023581,0.6468984679254355,-0.6900738231711719,0.7958049178123474
0.3188237920395129,0.5724016769916167,0.6934608868505806,-0.2996993630542725,0.6642222256390385,0.2469482605619611,0.7900124192237854,0.4163250476725561,0.24103019927400232,-0.2561518327393172,0.838429565498896,0.6468006094045473,-0.6906206106154319,0.7956663966178894
0.3173212863875031,0.5781076741812827,0.6893299349560029,-0.2998715708960102,0.6650505429382441,0.2478884406039741,0.7911385893821716,0.4179340739038945,0.24122309839424375,-0.25708569847335083,0.8372869701074085,0.6466738047969791,-0.6910253145521847,0.795685350894928
0.31547632179866963,0.5819899901369179,0.687720390477156,-0.2979983326912426,0.6655847696941897,0.24849846362609443,0.7925505042076111,0.41993048836215696,0.24037480984491355,-0.2569555752147711,0.8365716754122077,0.6466430255516479,-0.691052425252882,0.7960764765739441
0.31351655812835233,0.5727351521761167,0.6930913901744697,-0.3054605344511347,0.6664008577963474,0.24927510023675434,0.7912635207176208,0.42158165446056106,0.23909951369373014,-0.2564492772177381,0.8362619801164092,0.6466016833073929,-0.6909078645819462,0.7965245842933655
0.3070132664015603,0.5875918596647494,0.6879139365979607,-0.29538631746149524,0.6694410137574698,0.2500073656098786,0.7979529500007629,0.4231120977568531,0.24270007452691303,-0.25843090201374225,0.8338382909418286,0.6466075645669886,-0.6906348802282436,0.7953912615776062
0.3077077646925554,0.5827936958655139,0.6902157309825776,-0.29878032785227315,0.6704121107647383,0.24986421031272868,0.7974162697792053,0.42474147124948797,0.2433698665919296,-0.25712334386846125,0.8332186847843415,0.6466477603401601,-0.6900494232941349,0.7955109477043152
0.30512062607809465,0.5817591467543207,0.6920987015131719,-0.2990937747148503,0.671189144125989,0.25011239214994374,0.7983165383338928,0.42687515130833514,0.24398802726083327,-0.25606752283028406,0.8322721138548467,0.646934086182687,-0.689529854241396,0.795600950717926
0.30374375653275204,0.5821341509722845,0.6930469457244999,-0.29756594506275724,0.6719806180086363,0.24984565234700398,0.7993974089622498,0.42814306350128994,0.24413394424802856,-0.2551634227246606,0.8318556137606256,0.6473070967520799,-0.689293059303684,0.79566890001297
0.30424815211128714,0.582044285974016,0.6938177352298729,-0.29542251333023856,0.6727519834602653,0.24905094197936015,0.8002833724021912,0.4277039844294146,0.2437095570453069,-0.2546475946876182,0.8323638363286778,0.6477040832631004,-0.689055821128878,0.7958335280418396
0.30356677097252627,0.5827364440988102,0.694158343625633,-0.2939551772895074,0.6734728358176046,0.24848513533373698,0.8015199303627014,0.4274958269494174,0.243485771696138,-0.2534383728884739,0.8329051495038392,0.6481676609154436,-0.6888223887766265,0.7960198521614075
0.30186591586386535,0.585128236971213,0.6936659453903772,-0.292112086953457,0.6742845401671478,0.24809696342769275,0.8029534220695496,0.42848391340212155,0.24334155160277052,-0.25156000982403776,0.8330089955555638,0.6486432061442691,-0.6883523481584238,0.796592652797699
0.287572819046307,0.5954162763864392,0.6926064541140313,-0.28823190538081583,0.6788604769270262,0.2479475153475195,0.8105809092521667,0.4422254178569016,0.23488865932361247,-0.24559000138869666,0.8300298481020696,0.6543065630621481,-0.6863491353511335,0.8027951121330261
0.2813912530846747,0.5979006473205987,0.6930146226658449,-0.28820914522679925,0.6801400283538375,0.24818326298696122,0.8130040764808655,0.4436283438602633,0.23009059221724348,-0.2432139980422589,0.8313237414228095,0.6561341407529357,-0.6858553980966811,0.8051403164863586
0.27638610222548515,0.6003340955074492,0.6932372826875947,-0.28745741625461074,0.6814709680260855,0.2479124535911529,0.8153793215751648,0.44375649185869726,0.2260203170900258,-0.24179519465434313,0.8327845315793603,0.6579972258697564,-0.6854708815802274,0.8071747422218323
0.2722357489768441,0.6024794556514781,0.6935571666405528,-0.28615495644570593,0.6827648457130582,0.24747904048951255,0.8177871108055115,0.44474591597443286,0.22367940573443407,-0.23968090082652158,0.8334996457427803,0.6597729846182662,-0.6847274913358624,0.8089670538902283
0.26801013843075167,0.6035890102693698,0.695005607740277,-0.28428520466239543,0.6840249745399206,0.24672325273065318,0.820124089717865,0.4467824017319181,0.22295388555963677,-0.23704902579706583,0.8333575521858438,0.6615797547410865,-0.683783686272123,0.8103688359260559
0.26337596524127904,0.6037062720560712,0.6974239023936796,-0.2824389108875705,0.6851759004412539,0.24576869860762066,0.8226560950279236,0.4493544375160544,0.22353164681499924,-0.2327920593717686,0.8330198373689883,0.6629846903766206,-0.6823438308613117,0.8115548491477966
0.25825174222855113,0.6047562509501347,0.6988172986455581,-0.2814787695126945,0.6863577827918201,0.24509513526382634,0.8250415921211243,0.4512011712712297,0.22410953529730573,-0.22889440634106573,0.8329464388410981,0.6642796410528291,-0.6810131807263805,0.8125194907188416
0.24873764115403155,0.6082523595280273,0.6998621923884981,-0.2799134949710014,0.6884264922877037,0.24374842301133384,0.8294965624809265,0.45055052816658425,0.22952743684532542,-0.22424878243994245,0.8330869467698017,0.6660802513395165,-0.6787432595967597,0.8116404414176941
0.2438902152081043,0.609682186688369,0.7005196171512921,-0.27942344237168165,0.6894269742901942,0.24293158794024042,0.8317069411277771,0.4491447761601477,0.23230914463579383,-0.2224993400522796,0.8335439250830977,0.666799549391996,-0.6778487968880212,0.8108765482902527
0.2324681123128819,0.6121538428727064,0.7032213231048019,-0.2769585170103912,0.6914574817993682,0.2392224946224383,0.8381136059761047,0.4458512500440438,0.24166906281046324,-0.21780978351981606,0.8338894561736147,0.6683532289470552,-0.676458968046408,0.8070595860481262
0.22913270307566497,0.6115829335481979,0.705174680692927,-0.2760311386120198,0.6917815308905233,0.23751699296349535,0.8400629162788391,0.4459150230137788,0.24352589427794155,-0.21782671657495734,0.8333105379226422,0.6688295238382623,-0.6766146976907362,0.8057672381401062
0.22623241979062014,0.6105722283496732,0.7074950411807736,-0.27472024480989876,0.6920719386763908,0.23550856318166827,0.841939389705658,0.4490074675859796,0.24545838353294397,-0.21799840607983154,0.8310349998357907,0.6689887095980435,-0.6771970744622856,0.8044959902763367
0.22230187974173266,0.6056839777243158,0.7132193938771184,-0.2739468736614798,0.6922020582942934,0.2311041692857361,0.8449687361717224,0.4506300922387591,0.25165869251773937,-0.21913269689829284,0.8279983596597461,0.6687567159362027,-0.6780372238809268,0.8005263209342957
0.22228168375501792,0.6020077159740145,0.7162426594179176,-0.2741788026174404,0.691750164450047,0.22852726693671058,0.8459226489067078,0.4480738033169834,0.25680163675697926,-0.22276426034765182,0.8268366649174149,0.6683333547960035,-0.6789826324835618,0.796943724155426
0.2214819211077691,0.5993772193546062,0.7187138574639732,-0.27412241541035615,0.6913216352166691,0.22593897426774798,0.8471483588218689,0.44647259425415503,0.2621015046570641,-0.22474760570288457,0.8255019912557985,0.667714189461881,-0.6794888496520267,0.7939767241477966
0.22096131465338828,0.5981158187874933,0.7200975671862558,-0.27366596148452327,0.6905472506296954,0.22348727159708884,0.8486012816429138,0.4435629811133684,0.2677864992229641,-0.22778623041212911,0.824412339702872,0.6668210688442588,-0.6802984474217624,0.7905212044715881
0.22005060708325988,0.5972288143684702,0.7208452218257843,-0.2743677090717058,0.6894379865869487,0.22112852121610574,0.8498970866203308,0.4405897684134978,0.27349833138189145,-0.23083757921741163,0.8232820480987708,0.6656570154337003,-0.6810726450482852,0.7868114113807678
0.21867384276159335,0.5957485087091148,0.722128019527985,-0.27531180191799626,0.6885125588315302,0.21886288835161774,0.851229727268219,0.44206621867085283,0.276498676470544,-0.22775457743972297,0.8223465161811926,0.664396753974601,-0.6808149082622814,0.7849007248878479
0.21670806351503627,0.5939702849073314,0.7236830575411426,-0.2766220310867701,0.6873486505430808,0.21687346796174592,0.8526387810707092,0.4417142175463512,0.2766543768504511,-0.22831066126789015,0.8223290994111312,0.6635064680006053,-0.6807703066328733,0.7828356623649597
0.21332517520224098,0.5938322706859609,0.7249899161424314,-0.27612537987059343,0.6813200329234346,0.2094756516769191,0.8578582406044006,0.44488352354303634,0.2880158109274215,-0.23133750566107733,0.8158483324799184,0.6595560937296499,-0.6809576029784605,0.7757648825645447
0.21224328376685325,0.5950700783661825,0.724346406317416,-0.2759831045266599,0.6791097404968615,0.2071308685109541,0.8594285845756531,0.44388070902269033,0.2912086712991542,-0.23347565352211236,0.814651180033588,0.658516657386168,-0.6815479452620098,0.7736698985099792
0.2093608464690975,0.5963277759833697,0.7231493534664704,-0.27859689900911844,0.6739423010249069,0.203591474740374,0.8620051741600037,0.44159262890820683,0.29555097084065113,-0.23908665639457047,0.8127011409264491,0.6563992644819785,-0.6833374892928104,0.7702341675758362
0.20938976289888456,0.5956793073419409,0.7232856798392746,-0.279606715472309,0.6712598326177983,0.20187839856716375,0.8628743290901184,0.44046644295985454,0.2950483735918367,-0.24150224625871744,0.8127806806999653,0.6554983882754059,-0.6842597866560425,0.769258439540863
0.21141655179549132,0.5936131854759039,0.7246271276351355,-0.2790017088680777,0.6681794920040891,0.19997049543472692,0.8633533120155334,0.44177189818934376,0.29294579941365706,-0.24090940272468353,0.8130086151172777,0.6547682497447508,-0.6849061705498347,0.7693561911582947
0.21280691347633335,0.5916121629590454,0.7261472120684612,-0.2782417880563552,0.6651878287223483,0.19823799854271265,0.8637751936912537,0.4417696763419024,0.28968829272706187,-0.24249772170171777,0.8137045539328923,0.6544206641187719,-0.6859264486317971,0.7694513201713562
0.21282138192793063,0.5894151060815694,0.7275422307212347,-0.27924755081165503,0.6618860727251641,0.19718071934659034,0.8640281558036804,0.4406201475655777,0.28368078945812236,-0.24609200392336078,0.8153636126641227,0.6544832521854935,-0.6875955677701244,0.7696226239204407
0.21013890606900687,0.5929454742445337,0.7225530435601363,-0.2866607820596147,0.6479326107466605,0.19845589238571684,0.8642120957374573,0.4247742272570003,0.2687049221602032,-0.2739240315479804,0.8199574047507581,0.6543431990417139,-0.6976285589131761,0.7691341042518616
0.20813836225473223,0.5953978224374519,0.7201792192501074,-0.28900129299877547,0.6450483384359526,0.1997961100229784,0.8648340106010437,0.4267010178744759,0.25270041055159165,-0.2748728849859724,0.8237193945461231,0.6551940969818276,-0.6977827855063042,0.7714014649391174
0.20582845768057342,0.5978711089197265,0.7184951269124865,-0.2897404627092026,0.6425044862422025,0.20092934970629486,0.8662187457084656,0.42907603052452725,0.23109889405906942,-0.2795682096347533,0.8272416076066342,0.6566955279026355,-0.6989990886904365,0.7748247981071472
0.2674737716672,0.5814642308489497,0.7004039691391419,-0.3158977836698097,0.6504513275178292,0.30119346029199245,0.7965971827507019,0.46756543142672397,0.25950586200900844,-0.33884234091203186,0.7740963395617869,0.7214297749524754,-0.6863385640121681,0.7945505976676941
0.2681987466492941,0.5817609154310814,0.7000790145301997,-0.3154568797584902,0.6500964416805871,0.30094482609446505,0.7961178421974182,0.472658703346776,0.2590536100403246,-0.3405074431805349,0.7704152506371318,0.7223035836684579,-0.6871074764180445,0.7957231402397156
0.2685221610118995,0.5812142164312022,0.6997697316197806,-0.31687253963154227,0.6497201962953039,0.30107711188951325,0.7955047488212585,0.47471107229588766,0.26113634965790156,-0.34327252079050224,0.7672165152010018,0.7229924443768501,-0.6875962895255754,0.7958471179008484
0.26865132223552446,0.5807748052410541,0.698469932656054,-0.32041667533661167,0.6490113716842308,0.30198064832476657,0.7940346598625183,0.46968722234519594,0.2610023438348953,-0.33885081497613895,0.7723029294702642,0.7228147801830838,-0.6860547277166104,0.7969593405723572
0.26726005584914586,0.5821852605913743,0.6980401061828935,-0.3199568643705582,0.6489218954756244,0.3021241686063004,0.794049084186554,0.4647546269515174,0.2626915718957456,-0.33633944734784565,0.7758041318141095,0.7227868992621624,-0.6852975151592611,0.7971493601799011
0.26524582887828585,0.5839031915480551,0.6974258582007671,-0.3198419695343154,0.6489187367027323,0.302298898933553,0.7942281365394592,0.46166478030984903,0.26572992512300486,-0.33381358040911235,0.7777028552410169,0.7227797116594088,-0.6843963744201471,0.7971861958503723
0.26445854603226016,0.5850144143206283,0.6962505601280057,-0.32102175937003646,0.6489447942132076,0.3029457686662469,0.7941532731056213,0.4587473430950946,0.2683756887573996,-0.33141996845376903,0.7795422819817317,0.7227612685493048,-0.6835790486833384,0.7971532940864563
0.264257898890511,0.5858730891168494,0.6951873642428609,-0.3219239272246108,0.6489855062750594,0.30330680907080454,0.7938606142997742,0.45727744015505395,0.26665905711764687,-0.33075527966841495,0.7812753899578798,0.7230945603622676,-0.6838544117008647,0.7979084849357605
0.26449437722647307,0.5861788691638279,0.6946708084497737,-0.3222879545517237,0.6491746847512209,0.30323812457796995,0.7934675812721252,0.45749261754979365,0.2644160649797905,-0.3312411723569599,0.7817057855764075,0.7231565334190824,-0.6839395437106879,0.7986240983009338
0.26442062735366795,0.5866278467653214,0.6944023467365957,-0.3221100465308151,0.6493758240569608,0.30310727933345893,0.793174684047699,0.46011634518332123,0.26235813723855417,-0.332319701510692,0.7804003925599367,0.7235530292835533,-0.6845729425826427,0.7991967797279358
0.2649084442908989,0.5861963912264904,0.6948849546384895,-0.3214532732349749,0.6497362231421501,0.3027799054312237,0.7927413582801819,0.4647485982069505,0.2591181575822289,-0.3333943463699593,0.7782767699760884,0.7238551869513031,-0.685270165045474,0.8000295758247375
0.2659468848640766,0.5848926083107292,0.6953874580082927,-0.32188379024009633,0.6503207589078146,0.30249612725585007,0.7920437455177307,0.4677680701784014,0.25682809149579194,-0.3338684508039804,0.7770226647260384,0.7241819211124042,-0.6853856120136145,0.8011546730995178
0.26697456499914884,0.584527071762508,0.695160974297219,-0.3221861322813325,0.6506641563851383,0.30236503013063454,0.7914499640464783,0.4716290508955407,0.2545426859863879,-0.33259757791886696,0.775985122618153,0.7246674708041957,-0.6853835124381851,0.8022852540016174
0.2668628192655712,0.5864821005600618,0.6942013064033259,-0.3207920317031025,0.6513106443357359,0.3020533886848443,0.7910236716270447,0.4744685382515268,0.2535810182858539,-0.33081013637535567,0.7753327847098223,0.7252287219469561,-0.6849657424944934,0.8035776019096375
0.26663175766249486,0.5874588880735356,0.6927439666646913,-0.32234353922311365,0.6516165789059679,0.3024042500124332,0.7905541062355042,0.47222354964085955,0.25356741487997997,-0.33078987289445794,0.7767152279092635,0.7253425225771891,-0.684741392616119,0.8037438988685608
0.2672540426281358,0.5881426399067701,0.6913225936676367,-0.32363031889343397,0.6520543119836224,0.3027022335078301,0.7899635434150696,0.4695761529665112,0.25246449354383593,-0.3299615342430177,0.7790284346446027,0.7254805457300284,-0.6844278859431736,0.8043703436851501
0.2677619604118147,0.5893091416582379,0.6905828244213834,-0.32266643880118273,0.652680227719701,0.30273549558042945,0.789740264415741,0.46742667842785446,0.2504767158449337,-0.3280786627316981,0.7817532258798937,0.7258959660597861,-0.684029273950054,0.805131733417511
0.26646876013191895,0.5900846267456036,0.6911843369934333,-0.32102763969354337,0.6533213534837014,0.30267320779729934,0.7901533246040344,0.4674842530519184,0.24934451058274854,-0.32741623219988003,0.7823582293826619,0.7262066386460913,-0.6839942434857432,0.8059560656547546
0.2651987978831709,0.5898964302419026,0.6913324868747589,-0.3221043181653151,0.6540376974530667,0.30299761674496684,0.7902722954750061,0.47069447554259614,0.24865504799924146,-0.32847796524713,0.7802048475530516,0.7261791415871609,-0.6841799805880733,0.8062912821769714
0.2653548966548256,0.5900580798511946,0.6904358252056045,-0.32359946306550613,0.6547028081864028,0.3033460720829674,0.7900324463844299,0.47352842282642166,0.24876626748158973,-0.32949745645835044,0.7780215955397879,0.7260903489547829,-0.6841554502350383,0.8064888119697571
0.26656764030453983,0.5897273322452016,0.6902942987061668,-0.3235075701111004,0.655333003116323,0.3029702397016759,0.7900711894035339,0.47578493654718607,0.2499575686962879,-0.33140130631108317,0.7754502448136427,0.7256173920896631,-0.6840446635872472,0.8059270977973938
0.2672784468569173,0.5890486720697271,0.6913211987373548,-0.3219610130978471,0.6558274912571675,0.3023150920420731,0.7904546856880188,0.4765514052657082,0.25060723430847176,-0.3303922780902815,0.77520043526165,0.7252148647928924,-0.6836194410384405,0.8059121966362
0.26743500690092953,0.5888253152694168,0.6921837065341595,-0.3203825550656655,0.6564361506653393,0.30178377104363074,0.7910483479499817,0.4762318648849584,0.2515458855854025,-0.3281854844736835,0.7760297456244986,0.7248459433010357,-0.6831132075498132,0.8057597279548645
0.2673715338998596,0.5892653205643056,0.6921965282132579,-0.31959788980810694,0.6569455205948174,0.30156195365836713,0.7915573716163635,0.47472327205677717,0.2519875138421249,-0.3268914560214614,0.7773558283151552,0.724028499927994,-0.6829150920634328,0.8054758906364441
0.267006884941381,0.58974729727808,0.6919038219157568,-0.319647540214951,0.6573749701852705,0.3016344819150458,0.7918594479560852,0.47174889523562563,0.25302887643145205,-0.3279116916126719,0.7783978995600641,0.7226952510499812,-0.6828206693591758,0.8049208521842957
0.266855725822611,0.5896580819542945,0.6921503973636209,-0.31940443862139956,0.6575462745538279,0.30154631761328854,0.7921600937843323,0.46859253169877235,0.2552773425448092,-0.33024983154804866,0.7785817660219643,0.7210714451341896,-0.6825394783024789,0.8038206696510315
0.26773443307927586,0.5886223210426714,0.6926761554017308,-0.3194397912783168,0.6575625286731706,0.30130328329163025,0.792199432849884,0.4660661570144672,0.2581974642306171,-0.33110426609304655,0.7787723491018606,0.7191130655437603,-0.682041606370473,0.8023982644081116
0.269799258257654,0.5875197870549939,0.6930708523039505,-0.31887560858295527,0.657558287127598,0.30080566134990816,0.7920809388160706,0.46597670978222455,0.2609616239165062,-0.3305903991618034,0.7781225641024889,0.7173846492693823,-0.6813312369737123,0.8017407059669495
0.27112658566569714,0.5859756196148227,0.6938823089664778,-0.31882642466651867,0.6574317087212044,0.30043392829756466,0.791864812374115,0.4672501358680005,0.26323746055277,-0.331054506464706,0.7763931115372379,0.7156435620646053,-0.6811635457388178,0.8011335730552673
0.27140303172540275,0.5850776279597476,0.6942566602722599,-0.319424878960395,0.6573408437791979,0.3004579556532708,0.7917374968528748,0.46897003257415476,0.2642580784900233,-0.3331275119144336,0.7741193947356284,0.7137744191528571,-0.6818241616163185,0.8005151152610779
0.2716834896634879,0.5857672283854802,0.6937049942113104,-0.31912100620320816,0.6570636262520426,0.3003538026697382,0.7918933033943176,0.4695785341966936,0.2632642718493577,-0.3357522025160713,0.7729543207039593,0.7120667070192659,-0.6824157506997741,0.8002658486366272
0.2713277460563708,0.586630833346635,0.6934019185291437,-0.31849536726160554,0.6568008880925998,0.30017010617264617,0.7922568917274475,0.47000684710558627,0.2601562224342198,-0.3372118304954576,0.7731109137611017,0.7107200794022737,-0.6826090791125379,0.8006353974342346
0.27060840121491564,0.5866606932203859,0.6932313057190354,-0.3194224177999486,0.6566511411423194,0.300294443978235,0.7923322319984436,0.47037811536547725,0.25921428178521194,-0.33687107041846076,0.7733500285245478,0.7094535496261739,-0.6819871672519259,0.8009170889854431
0.27160041192288104,0.5882782512329802,0.6913531527275352,-0.31967598218084164,0.6561329093424474,0.29998975881913426,0.7923113703727722,0.4712127823474534,0.26292307996863923,-0.33555740394527683,0.7721600847166877,0.7067065604388392,-0.6807070543589482,0.8008589148521423
0.27238858055020315,0.5880000788970186,0.6912646728825166,-0.3197084928924675,0.6557768107745681,0.2995737816645624,0.7922971844673157,0.4700226638202502,0.26378378630474014,-0.3362653940097037,0.7722838819822345,0.705461203950115,-0.680545983812546,0.80059415102005
0.27350405801057065,0.5868306091734373,0.6919683498404903,-0.3193824810597971,0.6554865632085077,0.2990366930090792,0.7921971678733826,0.46761298176731453,0.2636405460895151,-0.3382492060603334,0.7729289982526583,0.7042189194008133,-0.6805440295793014,0.8003780245780945
0.2742494932538161,0.5854254524008662,0.6933463790477787,-0.3183316726192987,0.65509799885786,0.298366624128792,0.7925620675086975,0.46597804899494233,0.26393598749940317,-0.3394156681447621,0.7733041164867978,0.7030572273046313,-0.6803445479666567,0.8001440167427063
0.27465863477643093,0.584688485420381,0.6943491637100812,-0.3171454685387746,0.6546976139890033,0.29741730162270186,0.79290372133255,0.46439993113431327,0.26557893778223235,-0.3408548957249365,0.7730578709445037,0.7018566799209573,-0.679811403194894,0.7997311949729919
0.2753443067799535,0.5849450483348488,0.6941456864863326,-0.31652262017875793,0.6544444437488635,0.2966963797053025,0.7931819558143616,0.4631374605360893,0.26824729438971284,-0.3409584685177221,0.7728482415369984,0.700548835192367,-0.6790748775809592,0.7994356751441956
0.2762913123546344,0.5854857581074241,0.6933791383424425,-0.31637779359844587,0.6541074390412234,0.2961252299871453,0.7933432459831238,0.46219756646973326,0.27159356659121725,-0.3388878372019005,0.7731528813451688,0.6993724148231062,-0.6781197089172262,0.7992178797721863
0.27648697818436957,0.5859226183442794,0.6930760367928922,-0.3160620879360849,0.6536951984517496,0.29553044250896576,0.7935816645622253,0.4611216879128838,0.2746129670016964,-0.3356517222475039,0.7741397991598047,0.6984738860488788,-0.676728430578043,0.7993758320808411
0.2767256712274608,0.5862785365869252,0.6930055354667896,-0.3153469648396717,0.6532391418425718,0.2949250747324894,0.793738067150116,0.4587734043000839,0.2769759883086142,-0.3344161228942884,0.7752271422981334,0.6975759215764491,-0.6755564551375942,0.7991710305213928
0.2773669764744649,0.5870560456238942,0.6925356478889789,-0.31436783560161213,0.6527990705191529,0.29442008563530664,0.7938312888145447,0.457191522541835,0.27734109042220684,-0.33521531289997036,0.7756858418694228,0.6968163127047713,-0.6751043443887917,0.7989012598991394
0.2779539295086205,0.5872860094611394,0.6923301643943581,-0.31387210712582975,0.6524398716144578,0.29392726518334733,0.793714702129364,0.45760933779596874,0.2768245492550346,-0.3355869185906877,0.7754632698990257,0.6962546926181336,-0.6752328724179858,0.7992448210716248
0.27802360343976973,0.5865363862409199,0.6925537700589522,-0.3147176816178908,0.6519564186151755,0.2936974022010638,0.7931880354881287,0.4585285341189188,0.27643111579602253,-0.33615311365059464,0.7748151429867204,0.6955578758832203,-0.675492854011566,0.7997488379478455
0.27813696400789834,0.5862950504021313,0.692468193973811,-0.3152550451001222,0.6514210204467332,0.29353859237810254,0.7928804755210876,0.45861674963086574,0.27682130525141785,-0.33744398460072406,0.774062141674496,0.6948116646312212,-0.6758546854192106,0.7998417019844055
0.2785229351225213,0.5869290435100963,0.6919914252804301,-0.31478109827849887,0.6507752261683021,0.2932031094441029,0.7925973534584045,0.45923629143827055,0.27746724055771343,-0.3385563456036405,0.7729770759180509,0.6940998654502845,-0.676361004091674,0.7997590899467468
0.2790889355649128,0.5882553000308941,0.6911310156793067,-0.3136925042089733,0.650208783707038,0.2925488399094395,0.7924585938453674,0.46025033291571066,0.2780279453461019,-0.3377943211347553,0.7725057211870423,0.693803039004404,-0.6763680965132555,0.7997193932533264
0.27961901989653737,0.5894965036728075,0.6902282185585831,-0.3128771039483082,0.6496150327688047,0.292064261911525,0.7921785712242126,0.46105204451126824,0.27826165322608654,-0.33715707425400004,0.7722218411028967,0.6934318285100944,-0.6763462835267827,0.7998153567314148
0.27999773094905855,0.5897641971002278,0.6898458309743211,-0.31287727940751936,0.6489187882172771,0.2915653943240534,0.7918232083320618,0.4606733348507999,0.27932733546028293,-0.3378063712480246,0.7717792260525954,0.693053455959652,-0.6765542069591073,0.7995505928993225
0.2814608501228738,0.5881911904886965,0.6894231269794614,-0.31544677089084416,0.6476908855477479,0.29152448269905584,0.7904626727104187,0.4582240468124869,0.28293844578962746,-0.33944949958295,0.7712007495132657,0.6918786538625643,-0.6770217130460345,0.798416793346405
0.2825558013954725,0.586711725891537,0.6900893935159195,-0.3157660506703765,0.6469000586353264,0.2911844088622747,0.7899416089057922,0.45574036787583416,0.28420717371013093,-0.3406627825601044,0.7716708288373391,0.6914458840325298,-0.6776686630158234,0.7978338599205017
0.28411066817628583,0.5850516908979623,0.6908478405060344,-0.31579250857803526,0.6461341447337,0.2907288123008851,0.7896247506141663,0.45440593040874094,0.28542709855171805,-0.3407509163069569,0.7719685452514783,0.6910813996673334,-0.6781478444599054,0.7975022196769714
0.28595703400851247,0.585184364127787,0.6907462464737225,-0.3140978472767293,0.6454621144961694,0.29006723740730755,0.7895678877830505,0.454875316268023,0.2868830001960631,-0.3401193654624093,0.7714307539151002,0.6907443081667146,-0.6785394037129321,0.7972318530082703
0.2873279677576932,0.5861068776697534,0.6900311045096645,-0.31269544560421564,0.6448606855951629,0.2897206338465449,0.7897081971168518,0.45538875762701975,0.287987339605357,-0.33980208637022985,0.7708559617414833,0.6901652120923513,-0.678746234522677,0.797204315662384
0.2874361513678022,0.5865521077636097,0.689555354077343,-0.31281064148810994,0.6442693808800479,0.2897697787621848,0.789716899394989,0.45600142526748805,0.2883782943089778,-0.34011478322709615,0.7702094479788271,0.6897765285077638,-0.679352639922164,0.7972213625907898
0.28696941100888285,0.5872238497632593,0.6886631756641334,-0.31394225249020397,0.6438927611006328,0.2902300911454604,0.7897470593452454,0.45614620394478683,0.28776977426958694,-0.34064775244387824,0.7701157746719165,0.689615919677949,-0.680014284013234,0.7971817851066589
0.286833000123322,0.5877074012083995,0.6876803811349583,-0.315313390148916,0.6434398166548245,0.29056649177585026,0.7897737622261047,0.4562430511248483,0.28671124503141343,-0.34152590798553784,0.7700642794257372,0.6895663436559187,-0.6809417106653662,0.7974470257759094
0.28723855218107336,0.5886396691564882,0.6865155355030839,-0.3157432082391875,0.6429637336633216,0.2907474535779516,0.7902089953422546,0.4559511438723163,0.28587131333729127,-0.34190479281469877,0.7703812428029881,0.6895658489658012,-0.681692315085912,0.7975555062294006
0.28795453869476617,0.5896534325244127,0.6856956571032197,-0.314980124749239,0.6425457573672364,0.2907603292645834,0.7907666563987732,0.45518238946281697,0.2852874242887128,-0.3421966754530224,0.7709225078920263,0.6894845057882538,-0.6824063666923545,0.7977131009101868
0.28832727501393607,0.589718945999757,0.6857126687433819,-0.31447906629345423,0.6421439790902408,0.2907651222511701,0.7912271618843079,0.45506403398504236,0.2852683260020732,-0.3418108594594958,0.7711705670659351,0.6894445050719449,-0.6827372260350267,0.7977270483970642
0.2872050659228118,0.5868126877521034,0.6877710318873687,-0.31644134890688663,0.6420040675640508,0.2912958909975363,0.7916101813316345,0.45624729480763043,0.2857380653695305,-0.3401301614204225,0.7710406197287627,0.6893474662559935,-0.6827838207792347,0.7978394627571106
0.28726243091453424,0.5860475358210888,0.6879287815863204,-0.31746271120914804,0.6418360043471919,0.2917547078987063,0.7919958233833313,0.45671261626278625,0.2857219473876642,-0.33943743235878276,0.7710763804196564,0.6893179439309242,-0.6830310537436001,0.7980793118476868
0.28798773062284977,0.5857080611306337,0.6879023040678663,-0.31748945525074657,0.6418556006026443,0.29196678017683875,0.7924979329109192,0.4572505309887506,0.28461003444842037,-0.33902087784162477,0.7713520108155996,0.689489027959657,-0.6836319379180419,0.7982779145240784
0.2886096913106824,0.5847842229534975,0.688672025321276,-0.31695851496074134,0.6421063485104689,0.2920387241889748,0.7932174801826477,0.4580279382008393,0.28270474484436753,-0.33837792438670855,0.7718735747243276,0.6897171935509762,-0.6839867997009704,0.7983894944190979
0.28861071353389295,0.5837696071878274,0.6896950914140836,-0.31660319429302314,0.6423898571512343,0.29214577567001065,0.7941225171089172,0.4590258513899061,0.28198122477685106,-0.33827674857332124,0.7715897212922039,0.6896736090467002,-0.6842029938212225,0.7982079386711121
0.2883820652008547,0.5834927426346672,0.6902802615015057,-0.3160461427459241,0.6427287227203853,0.29241520836421386,0.7950945496559143,0.4597918619153136,0.28221016037054986,-0.3383852012918287,0.7710021560584421,0.6896256085917953,-0.6847160647362958,0.7976709008216858
0.28821304142567267,0.58322902843552,0.6906625045176686,-0.3158519399904079,0.6430939516247302,0.2925788514153287,0.796203076839447,0.45954851473783237,0.28342961889642876,-0.33890163483603647,0.7704729038973007,0.6890694057528336,-0.6849747223553788,0.7967308163642883
0.2881991557666466,0.5824180372159844,0.6912815435612985,-0.316006810167726,0.6433598756432817,0.29277835282482767,0.7971863150596619,0.45919881322568057,0.28425996696244754,-0.33905572693965313,0.7703076886180341,0.6886422443197708,-0.68517737166477,0.796032726764679
0.2886180329141405,0.5811131746499326,0.6923265031019278,-0.315739009987213,0.6439007213150666,0.29284725275742074,0.7981807589530945,0.4583472619895182,0.2852133037493465,-0.33950989297702483,0.7702624172071647,0.6878982708212027,-0.6855296628834807,0.7951415181159973
0.28788531561170216,0.5784003788769102,0.6949020684118388,-0.3157311547616825,0.6443877219043169,0.2930740269039672,0.7992212176322937,0.45792504482525376,0.2852960412068437,-0.3392721110286109,0.7705876049299536,0.6877802375775952,-0.6858771584011403,0.7942284941673279
0.284768038535153,0.5768872461794448,0.6975170937578159,-0.3155600946570854,0.6452080422783001,0.2939944912785497,0.801631510257721,0.4590110331144591,0.28331544534046765,-0.340517840350822,0.7701226073253151,0.6878189198843374,-0.6872613221937941,0.7930055260658264
0.28441521824528104,0.5771410056614085,0.6971424193495818,-0.31624150638086573,0.6455225696683586,0.29468751521674863,0.802344024181366,0.46055000929586176,0.2819660098245833,-0.3415399171800799,0.7692459575544149,0.6876546462394171,-0.688144283167188,0.7927011847496033
0.28417635068488795,0.5766993504726086,0.697366102073896,-0.31676833893896555,0.6457152876878437,0.2950197835916425,0.8029497265815735,0.4623156136459513,0.2810171515286821,-0.34279198884703216,0.7679760974849213,0.687439234169035,-0.6890025712779017,0.7922505736351013
0.2838569086901734,0.5762524308403734,0.6978031428848999,-0.31690560916363625,0.6457447912858345,0.2952360161291885,0.8035559058189392,0.4639874980181794,0.28062130716672773,-0.3445277346317973,0.7663340810092873,0.6873605089163264,-0.6898024467615335,0.7916494011878967
0.2852900297857508,0.576199550228769,0.697255218156027,-0.3169208702108477,0.6456944362603648,0.29508839940502574,0.803787887096405,0.4647893841618492,0.2806885999532751,-0.3459623261966879,0.7651763241758698,0.687417708144201,-0.6903572416074477,0.7907640337944031
0.28667294137083926,0.57598277280955,0.6970189797379797,-0.3165865000239899,0.6457104879997894,0.2951174213971569,0.8041144013404846,0.4653788148207211,0.28116246901282427,-0.34585002237006257,0.7646947016694315,0.687480563194577,-0.6903854343312731,0.7903239130973816
0.28593488342548445,0.5759638834651909,0.697597015991417,-0.31601463678763575,0.64583988804808,0.2956328044009148,0.8048483729362488,0.4650741977118046,0.2806233453607981,-0.3449602781506773,0.765479545879211,0.6877017644349425,-0.6901684804282837,0.7900028824806213
0.2835040121818279,0.5757210446239264,0.6985361202061979,-0.3165723339478882,0.6460356180396587,0.29652471719414975,0.805683434009552,0.464919089911036,0.27971953770904434,-0.3439850622053875,0.7663429369673138,0.6879395852130012,-0.6900206757762022,0.7902132868766785
0.28081925789816026,0.5747770425927642,0.6999010068008489,-0.3176640936287898,0.646003060161094,0.2974370357319084,0.8063145279884338,0.4650963174564215,0.2791368719540586,-0.3434891086548929,0.766670238394348,0.6883259798501548,-0.6900268437483059,0.7903316617012024
0.27997142439750466,0.5742945572645148,0.7001784844914039,-0.3186720145737748,0.6458574001985653,0.2982645182606265,0.806524932384491,0.46498563636632345,0.27840480724873207,-0.3439800185997799,0.7667834557930269,0.6886073492095849,-0.6901920329364695,0.7905630469322205
0.28002875452173226,0.5753224277037544,0.698948216010939,-0.3194673569508963,0.6457510156614088,0.29907212889838586,0.8065667748451233,0.4645231916468492,0.2783183969426532,-0.34475042277344603,0.7667491247748683,0.6888353328007899,-0.6902190957325411,0.7904313206672668
0.2817309971946415,0.5758263917003695,0.6976598944684657,-0.31987854490618,0.64571013087319,0.29939268165848454,0.8064534068107605,0.46495554258705457,0.2785588140472395,-0.3446647001119458,0.7664382395411359,0.6891577199627159,-0.6900634923815498,0.7905282378196716
0.2836611657851427,0.5766149017929559,0.6967585531467414,-0.3187147889141217,0.6456605912111233,0.29900958442381154,0.8062776923179626,0.466238151531822,0.27977798213661487,-0.34411770250559864,0.7654601711323863,0.6892455690510253,-0.6898712257252397,0.7905027270317078
0.2849158758048724,0.5765654947713266,0.6972415702443117,-0.3166218038554588,0.6457745867653097,0.2982483674485369,0.8062875866889954,0.46699089721914255,0.28125593100031476,-0.3435084504920594,0.7647329910708384,0.6892901792466651,-0.6895620693019019,0.790393054485321
0.285101284049719,0.5739321504189069,0.6991912324189149,-0.31693968678164874,0.6460962999693952,0.2978157083687386,0.8058814406394958,0.4666641808646104,0.2814541382294207,-0.3427087039218043,0.7652181745278489,0.6894879173781032,-0.6895271303702171,0.7905616164207458
0.2862430459391783,0.5725603673326277,0.699944143050012,-0.3167297602395019,0.6463099783114138,0.29755997319452676,0.8054906725883484,0.4649739634566602,0.28066354307213204,-0.3425206224387712,0.7666203833069916,0.6895154696226777,-0.6897706042544597,0.790862500667572
0.2871796557982988,0.5716213721228112,0.7005995086818668,-0.3161284243195035,0.6465058327992589,0.2972374262575824,0.8051638007164001,0.46280704957151014,0.27989605080445645,-0.34340277158615046,0.7678166265964375,0.6898848152959827,-0.6900830791011426,0.790970504283905
0.28686225573311336,0.5698893630360021,0.7018811948435679,-0.31670009229410595,0.6466388063516506,0.2970542669145616,0.8048401474952698,0.46252481067227225,0.27995117620448046,-0.3438164493058777,0.7677814712800808,0.6901289980669252,-0.6899804709385372,0.790932834148407
0.28638613928262385,0.5695596680321988,0.7023589797539407,-0.31666485017577883,0.6468200081318649,0.29711393871520053,0.80473393201828,0.4632595580785472,0.2801767343793244,-0.34380280414977676,0.7672621528657313,0.6903881310484778,-0.6899679348386514,0.7911657691001892
0.28578512455228366,0.5711631685356369,0.701409348897528,-0.31642443453708385,0.6471132582343074,0.29720097180708305,0.8046849370002747,0.4641076285921828,0.27994600696439614,-0.34354987577928475,0.7669470810422769,0.6906824546093625,-0.6897263201066293,0.7916824221611023
0.28260089798359445,0.5758191659038838,0.6983565160675477,-0.3175959651863022,0.6477250416469305,0.2981842150045141,0.8046910166740417,0.46556162654381483,0.27955386692929396,-0.34199634923488104,0.7669031910774459,0.6916680703227371,-0.6896266522032174,0.7927010655403137
0.2814303571747409,0.5766742608887819,0.6975423130803757,-0.3188706200818035,0.6477002510104699,0.2986700173491269,0.8044279217720032,0.4652812047128948,0.27921316132948193,-0.34171901490454,0.7673210057948269,0.6919187166585625,-0.6895619743605846,0.7931234240531921
0.2811729821991916,0.5762832725631388,0.6972125279283358,-0.3205215043408349,0.6476183446076986,0.2990254338105204,0.803682267665863,0.4633920401056332,0.2777827245175743,-0.341843060784764,0.7689264574194576,0.6923543973028792,-0.6898439748689538,0.793706476688385
0.2801135984806433,0.5753055010580471,0.696945852473369,-0.32376910155038463,0.6474639385382077,0.29959772442988586,0.8027899861335754,0.4620908229617711,0.27694869748617673,-0.34166334201001575,0.7700893785930113,0.6927300818018538,-0.6899637790116436,0.7942011952400208
0.2790858715290514,0.5737763431357946,0.6967683246263787,-0.3277280674094519,0.6473420562359751,0.30044952101383615,0.8017078042030334,0.4619047699078155,0.2764056366889148,-0.3413303670380442,0.7705436315230162,0.6930070436507756,-0.6899383572797169,0.7949884533882141
0.2779405655087486,0.5723178167568309,0.6972537966387943,-0.3302097844403742,0.6471485260339729,0.3009506527012926,0.8009533286094666,0.4625917041185464,0.2761279097148705,-0.34131420980564786,0.7702382118162808,0.6931998750459422,-0.6902303678097985,0.7955740094184875
0.2772122108710748,0.5737797141053511,0.6976356272977073,-0.32746719125751644,0.6470458676340105,0.300429855899348,0.8011026978492737,0.46372798204911453,0.2762334839279278,-0.3414936280630387,0.7694371468898797,0.6932986985848963,-0.6903269632656366,0.7957178950309753
0.27567291033813573,0.5760712912531126,0.6973311561695118,-0.32538526785176614,0.6469164524506227,0.30004042770606565,0.8015044331550598,0.4644625506567793,0.2758154676311757,-0.3415318324093385,0.7691270209165156,0.6933530843649555,-0.6904814146418169,0.7960246205329895
0.2731388837345417,0.5778393735557766,0.6958725149680233,-0.327503055669706,0.6469244303331811,0.3005059308428216,0.8012223839759827,0.46424033462496217,0.27499601108914506,-0.3416138205136275,0.7695180980499712,0.6934201511308605,-0.6907852987584577,0.7964306473731995
0.27035748107109353,0.5797927772008128,0.6931089881989444,-0.33218533744356865,0.646859383982184,0.30158114275633174,0.8005823493003845,0.46312105751931915,0.27397049175277605,-0.3420426494960145,0.7703673679853503,0.6934355892327577,-0.6913357469612736,0.7966260313987732
0.26880253907742696,0.5808724417000896,0.6914126556053048,-0.335083483818174,0.6468336222233604,0.30220621828310423,0.7999952435493469,0.46227427421020456,0.2730733746279244,-0.34255013219462,0.7709687635735927,0.6934055464539668,-0.6917304601229797,0.7969539761543274
0.2679500136981672,0.5805822724071668,0.6910547211273226,-0.3370020586484909,0.6469550766795249,0.30246435442227293,0.7992262244224548,0.4620453700911296,0.27259531215133515,-0.34276270441496065,0.7711806534351141,0.6932726555295123,-0.6920987879719812,0.7973652482032776
0.266876553077968,0.5797546943784371,0.692070605679829,-0.3371938263333749,0.6469535376374196,0.3022098694943648,0.7989735007286072,0.46264675987391374,0.27274425041564704,-0.3430560014476467,0.7706368336084957,0.6930622546617566,-0.6921324116443835,0.7974991202354431
0.2648321070642257,0.5782790740698485,0.6949702979795581,-0.3353707686830286,0.6469723203503432,0.30125734150849703,0.7992263436317444,0.46347066115538893,0.27324190552025623,-0.3430428018516071,0.7699710666081194,0.692833256907776,-0.6921890918786961,0.7975369095802307
0.2639894144957585,0.5783235523428435,0.6961262926780566,-0.33355605598166815,0.6469195496179884,0.3002675865435921,0.7995062470436096,0.4638934377888933,0.2740312420642394,-0.34256481745777456,0.7696486877720601,0.6927154125731507,-0.6919097115614425,0.7975918650627136
0.26398424887632665,0.5786855770380345,0.6959566183486077,-0.33328622031240535,0.6467780289521192,0.2995460602689033,0.7992364764213562,0.4633722265883114,0.2744985338074212,-0.3429475791028662,0.7696256834017755,0.6923528392793128,-0.6918615540218734,0.7974502444267273
0.25733877632361996,0.5685578107240694,0.698487970941375,-0.35019041179780463,0.6472610697699075,0.3018512306148423,0.7952880263328552,0.46001270900332286,0.27434035275665225,-0.3436018365403134,0.7714035625604173,0.6919283469941473,-0.6921312526667404,0.7972671389579773
0.25219171625129144,0.5712914901198404,0.698257585985628,-0.349945303132366,0.6471208644137016,0.3025747608257108,0.7958745360374451,0.45896645944860043,0.2746487445930185,-0.3438419951405907,0.7718099109058092,0.6915563609409426,-0.6921207096396172,0.7970976233482361
0.24906932777970736,0.5730240401721803,0.6995387200847699,-0.34677586197179017,0.6472834990858075,0.30247247785596276,0.7969501614570618,0.45917385519978626,0.274750522283068,-0.3438658785487308,0.7716396690010543,0.6915421336189912,-0.6922833665627822,0.7971754670143127
0.24701989336430752,0.5740297372449678,0.6993905263463435,-0.3468773914479643,0.6470337619252697,0.3026910981205869,0.797156035900116,0.4605770717412103,0.27420865921268855,-0.3442458079590648,0.7708263072195204,0.691315125344246,-0.6926079388629217,0.7974650263786316
0.24762620405356503,0.5786515121126942,0.6956208925692645,-0.34634558524233355,0.646664207507183,0.30312015458982955,0.7974473834037781,0.4620540590981001,0.2737731138581733,-0.3449937128899765,0.7697620844558126,0.6912062174093805,-0.6928617130328747,0.7973648905754089
0.24938620927146754,0.5869481459350848,0.6887423868482896,-0.3448656508948016,0.646488914932371,0.30384641461694817,0.7974562048912048,0.4631663416300247,0.27406005937847355,-0.3454471648604858,0.7687875390017578,0.6910818482344592,-0.6929114304474858,0.7973085045814514
0.2483929042138488,0.5975253137261736,0.6831515983071768,-0.33847947991421506,0.6463831515353818,0.30403025361564895,0.7989240288734436,0.4626505946228242,0.2747314313919508,-0.34532452760518995,0.7689135442523622,0.6908965605430666,-0.6928240818021524,0.7971088290214539
0.24575521399493377,0.6054781851944832,0.6798716497607962,-0.3328289078482107,0.646200699063768,0.30414637873727257,0.8006964325904846,0.46119522198077273,0.2753674209799088,-0.3448133376957383,0.7697892652097094,0.6907986186966157,-0.6924858884846434,0.79692143201828
0.24551833091543246,0.6030501451942754,0.67824996659592,-0.34062920364862603,0.6459522815980102,0.30566934073660135,0.7990694642066956,0.46008221846840885,0.27570685454146343,-0.344081974718995,0.7706605460781786,0.690618196298789,-0.6921417114744034,0.7971022725105286
0.24699757853910073,0.6104238505128897,0.6731204144460154,-0.33657662809063604,0.645573505312378,0.30594348355794276,0.7999734282493591,0.45967736216205024,0.27551459710498627,-0.3434474194577657,0.7712537193204438,0.6906925832156103,-0.6921362738469232,0.7971263527870178
0.2496095683706968,0.6090435640443519,0.6747121982199206,-0.3339527661918533,0.6456218278763104,0.30496745885350174,0.7998241782188416,0.4605112437312322,0.2749140649595671,-0.34343706590358103,0.7709751183067194,0.6907601526777866,-0.6922575716975193,0.797503650188446
0.24800001709911917,0.5967286137109578,0.6848695823316886,-0.336696611646529,0.6454842475915067,0.3047147347982846,0.7990289330482483,0.4626302719349438,0.2737721071780992,-0.3450545883061194,0.7693889756875633,0.6907893182737564,-0.6927936062076807,0.7973267436027527
0.24653553628330177,0.5979621791408563,0.6843559398104467,-0.3366279984089018,0.6457127158350021,0.304797893592163,0.7992941737174988,0.4621014205644832,0.2738436145045416,-0.3447408895580246,0.7698218436587237,0.6907352212004797,-0.6925216844264388,0.7973886132240295
0.24530516459790785,0.6002432473124811,0.6832170211238976,-0.3357795740123998,0.6461405953345478,0.30487338720956025,0.7997294068336487,0.4618129613334095,0.27390342763150444,-0.34432575757180583,0.7701593820429523,0.6907684040801033,-0.6924608548882408,0.797352135181427
0.2443992549940232,0.6017279938768302,0.6829948002338311,-0.3342312498807989,0.6463173120330955,0.3047448430302051,0.800226628780365,0.4618957715056911,0.27348669602247766,-0.3446284142782432,0.7701224444436968,0.6907721905199908,-0.6924479763591802,0.7972508072853088
0.24396422902528223,0.6025590171415955,0.6828398209086624,-0.333367462117826,0.6466605785973624,0.30476051940092497,0.8006338477134705,0.46261706193293733,0.27330937554195783,-0.34489517807783915,0.7696328705220805,0.6907898435351261,-0.692479569983759,0.7971598505973816
0.2453167444647235,0.6037916845843311,0.6821804628790591,-0.3314892344830494,0.6470526702017573,0.3044953688109927,0.8009527325630188,0.46393928477598156,0.27376619305240946,-0.34522096131940383,0.7685277480018846,0.6906338492092738,-0.6924686080328762,0.7968587279319763
0.24872208071380872,0.6035807586014925,0.682352954435838,-0.3289711841242688,0.647196504545674,0.3034997911035505,0.8008338809013367,0.46408886934858706,0.2743545130910633,-0.34544223354745845,0.7681281050547877,0.6901270432086937,-0.6923499085204503,0.7967005372047424
0.25059700346130076,0.59682501482562,0.684552203295336,-0.3352451707304916,0.6486100691678187,0.301885163049902,0.7980852723121643,0.4614669516920039,0.2759857090335724,-0.34459295262453404,0.7695036308600706,0.6898910942155265,-0.6913805293599877,0.7955614924430847
0.2499883085122594,0.6002840942393022,0.6827468803495912,-0.33319896335880334,0.6489039150984108,0.30167456086242106,0.7984716296195984,0.46252264699874646,0.2761075802185617,-0.34471924370261237,0.7687691774389908,0.689860814607054,-0.6913310439933736,0.7954539656639099
0.2499338369129418,0.5999144899991768,0.6836394625545318,-0.332073436295578,0.649263447626194,0.3009796342880394,0.798695981502533,0.46318727176660063,0.2758556606556786,-0.34492285200895006,0.7683680315575632,0.689953991446725,-0.6915081181056645,0.7953433394432068
0.2507811512475165,0.597026728182023,0.6852916286756462,-0.33323157665851455,0.6495083291229898,0.30054516839119894,0.7981712222099304,0.46307034922690454,0.2754409277882348,-0.3453269595972023,0.7684057768792354,0.6899324868087221,-0.6915365984031339,0.795310914516449
0.25142886685414656,0.5957766930234537,0.6864718535429414,-0.33255082507159067,0.6496960782566722,0.3001531763385653,0.798056423664093,0.4629280935851622,0.27542429698561827,-0.34553729952359435,0.7684028965572209,0.6900078415829465,-0.6915559419992741,0.7950858473777771
0.25007165272991627,0.5959997735000849,0.6865481451898405,-0.33301664046285306,0.6498176034010902,0.3002915703275556,0.797917902469635,0.4630723700207391,0.27662756060799065,-0.3450187035274376,0.7681167014534278,0.6899933242399439,-0.6908411292859359,0.7949116826057434
0.2504780476654986,0.597767540930103,0.6842572323090126,-0.3342555230371935,0.6499104949609035,0.30053843965580607,0.7975327372550964,0.46239269207635725,0.27724497406507065,-0.3447198773620347,0.7684376544792305,0.6900315849554439,-0.6907035799253688,0.7947730422019958
0.2500493441697597,0.5994746717941912,0.6830428649242936,-0.3340028263855461,0.6501156846888837,0.3007868918742379,0.7975839972496033,0.4622800976104241,0.27718215390111356,-0.3444748121395883,0.7686379308318264,0.6901766523662186,-0.6905996840412841,0.7947863936424255
0.24794981196310842,0.5984292523112513,0.6849615410323066,-0.3335131302247389,0.6504149074719642,0.3018104628100532,0.7980673909187317,0.46151342247039884,0.27891226113291134,-0.3449177870975445,0.7682740602240316,0.6900538870893614,-0.6906191683308337,0.7943719029426575
0.24708894766688533,0.5980372734770532,0.6859437837643321,-0.332835690676458,0.6503314666987344,0.30187815033748444,0.798533022403717,0.46139416701562347,0.27912577709077635,-0.3447664348901311,0.7683360778855683,0.6902172934127957,-0.690390348682382,0.7943834662437439
0.24648351921413128,0.598777578476436,0.6858912930184565,-0.3320608685635548,0.6504299929112014,0.3018531846904534,0.7987515330314636,0.4618218521350475,0.279632049883186,-0.3448504240572636,0.767857199351681,0.6902853542886935,-0.6903947852458721,0.7943382859230042
0.2468914844999408,0.6007944557245096,0.6847474884201831,-0.33047162352364984,0.650493395817101,0.30168621950748353,0.7989471554756165,0.4621645509267182,0.27979198013016027,-0.34451966990080185,0.7677412147156042,0.690623106609422,-0.6903253130424202,0.794490396976471
0.2475537315928706,0.6027925412335657,0.6832946820756443,-0.3293427996097216,0.6505200903814485,0.3015778221229678,0.7989352345466614,0.46176528308997433,0.2794533490927131,-0.3443751186820118,0.7681695298867642,0.6908148467191493,-0.6903165169540297,0.7947049736976624
0.24866998692050993,0.6038098998441908,0.6827021416936405,-0.32786373416713593,0.6504526183262302,0.30133448941617547,0.7988806366920471,0.46110180428639325,0.2790687069542519,-0.34465732427380863,0.7685812329917595,0.6911495250802173,-0.6905480943305379,0.7946901917457581
0.25055432365118124,0.6034393108698115,0.6828273360870726,-0.3268491365888832,0.6504252957128471,0.30111198361798,0.7986500859260559,0.46083697632159015,0.2787311891306527,-0.3451185112503435,0.768655591700817,0.6913787944406642,-0.6908363076432421,0.7949267029762268
0.25210951331875514,0.6020459539152896,0.6832322854545445,-0.32737609378354,0.6502836393927278,0.3009907570351883,0.7982085347175598,0.46123838316688,0.2788574610462182,-0.34485403494263894,0.7684877129116902,0.6919533650412651,-0.6904937545127566,0.7949559092521667
0.2515208333837333,0.6020641994313122,0.6828115519536845,-0.32867058684294564,0.6500133984510836,0.3017791135731217,0.7980092167854309,0.46161525568173895,0.2792282823806106,-0.34343452606717667,0.768762413457936,0.6928101764213692,-0.6899104347411433,0.7952125668525696
0.24761241279527285,0.6055426626727286,0.6821358772714162,-0.32664479431345766,0.6500569742806361,0.30231256077667845,0.7996638417243958,0.4608599691885015,0.27936510233650547,-0.3417677078431592,0.769907827127196,0.6943138069521694,-0.6890571055158043,0.7957070469856262
0.24773919791824942,0.6071930973028883,0.6806903053585069,-0.3265004450126987,0.6502116027101894,0.3027131559231152,0.7998133301734924,0.4604605051603039,0.2793321758615688,-0.34107650158333863,0.7704651054938375,0.694863841653971,-0.6888003839255665,0.7960415482521057
0.24691721166946515,0.6064035103224573,0.6816417416660304,-0.3266055867073904,0.6504008686333719,0.3030077753568182,0.7999791502952576,0.4602912781243992,0.2790922331465183,-0.3409958378206756,0.770688849840759,0.6953604650180552,-0.6887711289692835,0.7961681485176086
0.2466216492703231,0.6041352362754292,0.6838146585753061,-0.32649026190555036,0.6506269461373588,0.30298370608734704,0.8001044392585754,0.46082099572484636,0.2785568137116414,-0.340696644894664,0.7706983246326011,0.695762152855072,-0.6886251338585984,0.7965067028999329
0.24912338962750535,0.6034294150917192,0.6845554131860662,-0.3243368064531408,0.6506048027148676,0.30231743334631767,0.800275981426239,0.46191124392622157,0.27910069078560173,-0.3400350856665995,0.770140862214984,0.696612080286374,-0.6882611693289343,0.7966887354850769
0.2498165267301782,0.6043979011760358,0.6840082393300174,-0.32315260877041196,0.6506505957560824,0.30214877226159853,0.8004531264305115,0.46125378093791336,0.2790692237915942,-0.33966961595262063,0.7707073827993578,0.6967614237475036,-0.6879599465870944,0.7966627478599548
0.24994276906675147,0.6068598383235172,0.6822824787922899,-0.32208751598633517,0.6508970748525336,0.30220914702113266,0.8006659150123596,0.46062652693197725,0.27887883116696544,-0.3394095397097195,0.7712658196546557,0.696997102989386,-0.6877398076991142,0.7966393828392029
0.2491140581712434,0.6085663561827698,0.6811635045345562,-0.3218780145242638,0.650997306329516,0.30244216282593916,0.8010744452476501,0.46044406727991954,0.2786221213612133,-0.3394394470542966,0.771454364287594,0.6972337406093765,-0.6876777620552813,0.7966520190238953
0.24797924934489274,0.6091758238030017,0.6807156083521558,-0.32254824156090517,0.6512112239699488,0.30296577156546567,0.8012657761573792,0.4606524314975605,0.27804936069396846,-0.33972605336416595,0.7714104608045373,0.6973560603408258,-0.6876817562557951,0.7966824173927307
0.24846370641683954,0.6076822563233878,0.6820296216319935,-0.3222167859684574,0.6521000066337238,0.30312422580544773,0.8017018437385559,0.46327487837501286,0.27763185810377283,-0.3400107171118872,0.7698633974164013,0.6979981784665832,-0.6875051623136218,0.7962462306022644
0.24832763323901583,0.6084203365447384,0.6816558315057821,-0.3217194554621416,0.6523690785246582,0.3032265662351534,0.8019718527793884,0.4621526289146454,0.27752564264001833,-0.34000199627440864,0.7705797218938116,0.6981204395709361,-0.6873292300526944,0.7960663437843323
0.24825464460222713,0.6090783846056089,0.680792579861219,-0.32235790054774466,0.6528053716863453,0.3035502587140446,0.8020772337913513,0.4611505129739347,0.2770705237358504,-0.33963675774380025,0.7715043759110493,0.6983169572261501,-0.6872422509502618,0.7959272265434265
0.2473341640353751,0.6090481144780141,0.6805943996416516,-0.32353897559354083,0.6532097799348091,0.30381195548200324,0.8019927144050598,0.46141188298907526,0.27662516153994127,-0.3394112627515817,0.7716071467766833,0.6984098552753925,-0.6873883419901254,0.7960235476493835
0.24660260592383856,0.608130757003887,0.6815421298283549,-0.3238278283385804,0.6535032788990348,0.30409923299777164,0.8023930191993713,0.4630634071487088,0.2767469163676665,-0.3396231985357446,0.7704800505251042,0.6983494420515824,-0.6874339466938719,0.7961220145225525
0.24729001013139673,0.6070601323167758,0.6825988165160217,-0.32308590549833455,0.6540266449911127,0.3039328749125191,0.8025957942008972,0.4638926967284886,0.2766911544896839,-0.3399896007990075,0.7698393613590226,0.6983693949437163,-0.6875147949352628,0.7960924506187439
0.24841115792138418,0.6060037806791165,0.683418657081401,-0.32247519838869587,0.6543701822877279,0.3035733748222983,0.8027303814888,0.4640153344714554,0.2763015907008404,-0.3401290534680382,0.769843768136409,0.6984013379514673,-0.6876836907243328,0.7961376309394836
0.248381401537201,0.6059078395886037,0.6840336638530308,-0.32137255018324984,0.6549460742274908,0.3034564124293072,0.8031606078147888,0.4627751456621264,0.27671741613087086,-0.33957273434184904,0.7706860542781686,0.6980829790287231,-0.6874481522438602,0.7961176037788391
0.2481249178354084,0.6066177099587311,0.6840607820374781,-0.32017155650037116,0.6554973503469447,0.3031835429194828,0.8036641478538513,0.4624131889525091,0.2774093583955245,-0.3388936613882384,0.7709534206605667,0.6981415256542376,-0.6871695165872285,0.7960309386253357
0.25127560032557633,0.6042997739913829,0.6852127665696597,-0.319633884882279,0.6566785393149667,0.3022242102878264,0.8034375309944153,0.4632075552111272,0.275972308457528,-0.34045598427163554,0.7703036859145784,0.6975998681331406,-0.688214298086538,0.7960637211799622
0.2514079865494751,0.6046556044153437,0.6850992562815752,-0.31909972326952424,0.6568335400633951,0.3019647658223541,0.8033302426338196,0.4637820757182713,0.27598685311289844,-0.3403638103967096,0.7699934543381026,0.6973460120619311,-0.6884716551703405,0.7962318062782288
0.25161717728952726,0.6051908885242118,0.6848565378390603,-0.3184404294671478,0.6570758101912358,0.3018432456571315,0.8033575415611267,0.46373425824749387,0.2765803556611587,-0.3406778181187692,0.7696703637479024,0.6971006848432351,-0.688424444247234,0.7961021065711975
0.25213118042150323,0.6049386747579073,0.6850149611803739,-0.31817223417585844,0.657170093326878,0.3017878451752368,0.803387463092804,0.4628552148115092,0.27669580436039143,-0.34120382337432253,0.7699249527622103,0.6967752466137686,-0.6884782000244744,0.7959426045417786
0.2527370297361803,0.6034972603053983,0.6860335348671707,-0.3182342527787763,0.6572888323443002,0.3017123770754049,0.8031912446022034,0.46207399809116384,0.2766594710812914,-0.3412491742001473,0.7703870186190735,0.6965422606420976,-0.6886450196254046,0.7958859801292419
0.2528864050034939,0.6012045227819703,0.6876949773210581,-0.31886863457904047,0.6574686831463293,0.30152989822818166,0.8029107451438904,0.4619884967649089,0.27629554230191655,-0.3414448676523524,0.7704821896156051,0.6963621051240712,-0.6884843392866913,0.7960428595542908
0.2529796346515329,0.5981252909187547,0.6896538160264147,-0.3203514552099557,0.657392691784347,0.3017353917575504,0.8023813366889954,0.46266432006513264,0.27601575068936,-0.34173695492667905,0.7700473270828868,0.6961100230113564,-0.6886075171904451,0.7962526679039001
0.2545442880752501,0.5973881424955509,0.6918886218441659,-0.3156338821745229,0.6571674735904411,0.30015265658958523,0.8030189871788025,0.46375158578546544,0.27606598156045714,-0.3420844880258706,0.769220542860502,0.6958804411778895,-0.6888699543504372,0.7964203953742981
0.25611217084741583,0.5946269155638948,0.6940126653860966,-0.31491555616463063,0.6573292141008831,0.2991491913489982,0.801333487033844,0.462364857576108,0.2753541491995598,-0.34304905283555465,0.7698806260361672,0.6949264026168563,-0.6893275445706314,0.7964939475059509
0.25391495179700585,0.5980604344193668,0.6917438118825376,-0.31518472799020375,0.6574896420652683,0.29982028231414026,0.8015289902687073,0.46318116205115634,0.27532326524201384,-0.3434492681836735,0.7692222766674892,0.6946378275182739,-0.6894097673134983,0.7964854836463928
0.252687592925908,0.6013040546033749,0.6891749501349775,-0.3156268404386791,0.6576695875128085,0.30002288854757253,0.8017978072166443,0.46373798204214545,0.27483563348105194,-0.34350465925562285,0.7690364150352219,0.6945138211943687,-0.6895046012685666,0.7965951561927795
0.25144793075433414,0.6055833302771807,0.685221784515497,-0.3170392313817969,0.6580030171736596,0.301011532627388,0.8016460537910461,0.4638912541318069,0.27484851584514386,-0.34346149106467144,0.7689586476744856,0.6943319527212586,-0.6895106721233344,0.7966069579124451
0.24965656268922495,0.6076637639671806,0.6838996808123469,-0.3173288156663523,0.6581333717880016,0.301724478627448,0.8020349144935608,0.46338214823388046,0.27513659808159,-0.3432467069470861,0.7692584320397307,0.6938828416228262,-0.6894221858612254,0.7966827750205994
0.2478845440382196,0.6079942818407237,0.6839991440348203,-0.31787006313206007,0.6585333708732314,0.30215204406924867,0.8021395802497864,0.46230180719509617,0.27528374551840884,-0.34362294907260454,0.7696877077023838,0.6936028328049506,-0.6895939455150522,0.7964614033699036
